timestamp,epoch_time,image_filename,ax_g,ay_g,az_g,gx_dps,gy_dps,gz_dps,gps_utc,gps_lat,gps_ns,gps_lon,gps_ew,gps_speed_kn,gps_course_deg,gps_valid
2025-11-01_15-57-56-415,1761992876.4156575,images/image_2025-11-01_15-57-56-415_0001.jpg,0.0442,0.2102,0.9634,-3.756,1.206,0.885,102756.00,N/A,N/A,N/A,N/A,N/A,N/A,V
2025-11-01_15-57-57-030,1761992877.0302048,images/image_2025-11-01_15-57-57-030_0002.jpg,0.0315,0.2021,0.9268,-4.473,-1.359,4.221,102757.00,N/A,N/A,N/A,N/A,N/A,N/A,V
2025-11-01_15-57-57-471,1761992877.471748,images/image_2025-11-01_15-57-57-471_0003.jpg,0.0771,0.2219,0.9656,14.176,-4.031,2.534,102757.00,N/A,N/A,N/A,N/A,N/A,N/A,V
2025-11-01_15-57-58-034,1761992878.0345283,images/image_2025-11-01_15-57-58-034_0004.jpg,0.0708,0.2231,0.999,2.595,28.176,6.557,102758.00,N/A,N/A,N/A,N/A,N/A,N/A,V
2025-11-01_15-57-58-848,1761992878.848251,images/image_2025-11-01_15-57-58-848_0005.jpg,-0.217,0.2986,1.3945,-13.573,2.695,-19.504,102758.00,N/A,N/A,N/A,N/A,N/A,N/A,V
2025-11-01_15-57-59-523,1761992879.523604,images/image_2025-11-01_15-57-59-523_0006.jpg,-0.0024,0.2261,1.0476,-3.176,-2.718,-2.473,102759.00,N/A,N/A,N/A,N/A,N/A,N/A,V
2025-11-01_15-58-00-015,1761992880.0156057,images/image_2025-11-01_15-58-00-015_0007.jpg,-0.0383,0.1267,0.9299,13.145,6.649,12.87,102759.00,N/A,N/A,N/A,N/A,N/A,N/A,V
2025-11-01_15-58-00-610,1761992880.6101239,images/image_2025-11-01_15-58-00-610_0008.jpg,-0.0601,0.0859,1.032,-15.031,1.977,8.763,102800.00,N/A,N/A,N/A,N/A,N/A,N/A,V
2025-11-01_15-58-01-187,1761992881.187299,images/image_2025-11-01_15-58-01-187_0009.jpg,0.0391,0.0996,0.9795,-12.008,-9.282,-19.473,102801.00,N/A,N/A,N/A,N/A,N/A,N/A,V
2025-11-01_15-58-01-818,1761992881.818537,images/image_2025-11-01_15-58-01-818_0010.jpg,0.0271,0.1848,0.998,-3.573,-0.656,-14.725,102801.00,N/A,N/A,N/A,N/A,N/A,N/A,V
2025-11-01_15-58-02-437,1761992882.4373767,images/image_2025-11-01_15-58-02-437_0011.jpg,0.0647,0.157,0.9802,9.58,-5.458,-17.16,102802.00,N/A,N/A,N/A,N/A,N/A,N/A,V
2025-11-01_15-58-03-010,1761992883.0105197,images/image_2025-11-01_15-58-03-010_0012.jpg,0.1394,0.1968,1.021,-7.87,-11.931,-22.947,102802.00,N/A,N/A,N/A,N/A,N/A,N/A,V
2025-11-01_15-58-03-545,1761992883.5458152,images/image_2025-11-01_15-58-03-545_0013.jpg,0.0916,0.2844,1.0774,1.557,0.679,5.595,102803.00,N/A,N/A,N/A,N/A,N/A,N/A,V
2025-11-01_15-58-04-167,1761992884.167561,images/image_2025-11-01_15-58-04-167_0014.jpg,0.1753,0.2402,0.9124,-31.779,30.763,23.504,102804.00,N/A,N/A,N/A,N/A,N/A,N/A,V
2025-11-01_15-58-04-687,1761992884.687511,images/image_2025-11-01_15-58-04-687_0015.jpg,0.0698,-0.0974,1.0007,-3.664,12.947,13.046,102804.00,N/A,N/A,N/A,N/A,N/A,N/A,V
2025-11-01_15-58-05-302,1761992885.302216,images/image_2025-11-01_15-58-05-302_0016.jpg,0.0425,0.2234,0.8645,-0.084,-0.443,11.412,102805.00,N/A,N/A,N/A,N/A,N/A,N/A,V
2025-11-01_15-58-05-915,1761992885.916017,images/image_2025-11-01_15-58-05-915_0017.jpg,0.2024,0.1619,1.1367,19.382,-3.321,38.206,102805.00,N/A,N/A,N/A,N/A,N/A,N/A,V
2025-11-01_15-58-06-416,1761992886.4166126,images/image_2025-11-01_15-58-06-416_0018.jpg,-0.0562,0.1628,0.9585,-9.756,11.855,-9.969,102806.00,N/A,N/A,N/A,N/A,N/A,N/A,V
2025-11-01_15-58-07-134,1761992887.1349924,images/image_2025-11-01_15-58-07-134_0019.jpg,0.2314,0.2036,1.1326,10.313,19.954,-11.435,102807.00,N/A,N/A,N/A,N/A,N/A,N/A,V
2025-11-01_15-58-07-839,1761992887.8397074,images/image_2025-11-01_15-58-07-839_0020.jpg,0.1084,0.0159,1.0554,-17.817,-22.183,19.649,102807.00,N/A,N/A,N/A,N/A,N/A,N/A,V
2025-11-01_15-58-08-327,1761992888.3274734,images/image_2025-11-01_15-58-08-327_0021.jpg,0.1814,0.0911,0.7319,10.038,-47.855,-23.847,102808.00,N/A,N/A,N/A,N/A,N/A,N/A,V
2025-11-01_15-58-08-758,1761992888.7589536,images/image_2025-11-01_15-58-08-758_0022.jpg,0.1267,0.2446,0.9763,-0.58,11.519,-4.023,102808.00,N/A,N/A,N/A,N/A,N/A,N/A,V
2025-11-01_15-58-09-340,1761992889.3404272,images/image_2025-11-01_15-58-09-340_0023.jpg,0.1375,0.2407,0.9412,13.565,17.328,-4.603,102809.00,N/A,N/A,N/A,N/A,N/A,N/A,V
2025-11-01_15-58-09-833,1761992889.8339493,images/image_2025-11-01_15-58-09-833_0024.jpg,-0.0312,0.0229,0.7505,-6.313,-35.656,-7.939,102809.00,N/A,N/A,N/A,N/A,N/A,N/A,V
2025-11-01_15-58-10-356,1761992890.3568277,images/image_2025-11-01_15-58-10-356_0025.jpg,0.1094,0.1284,0.9443,-2.71,-17.847,-6.076,102810.00,N/A,N/A,N/A,N/A,N/A,N/A,V
2025-11-01_15-58-10-927,1761992890.9272668,images/image_2025-11-01_15-58-10-927_0026.jpg,0.0662,0.0432,1.0876,12.366,34.092,-10.824,102810.00,N/A,N/A,N/A,N/A,N/A,N/A,V
2025-11-01_15-58-11-516,1761992891.516418,images/image_2025-11-01_15-58-11-516_0027.jpg,-0.2405,0.1292,0.9436,20.084,13.824,-27.809,102811.00,N/A,N/A,N/A,N/A,N/A,N/A,V
2025-11-01_15-58-11-998,1761992891.9990325,images/image_2025-11-01_15-58-11-998_0028.jpg,-0.0156,0.0217,0.8074,-7.725,-11.878,-26.802,102811.00,N/A,N/A,N/A,N/A,N/A,N/A,V
2025-11-01_15-58-12-478,1761992892.4783542,images/image_2025-11-01_15-58-12-478_0029.jpg,0.1787,0.0715,0.8772,-25.626,-32.084,-10.916,102812.00,N/A,N/A,N/A,N/A,N/A,N/A,V
2025-11-01_15-58-13-003,1761992893.0038176,images/image_2025-11-01_15-58-13-003_0030.jpg,0.0444,0.2341,1.2471,5.725,25.87,-22.969,102812.00,N/A,N/A,N/A,N/A,N/A,N/A,V
2025-11-01_15-58-13-565,1761992893.5656798,images/image_2025-11-01_15-58-13-565_0031.jpg,-0.1321,0.1428,1.1406,6.603,42.832,2.489,102813.00,N/A,N/A,N/A,N/A,N/A,N/A,V
2025-11-01_15-58-14-074,1761992894.0744963,images/image_2025-11-01_15-58-14-074_0032.jpg,-0.0737,0.0254,0.8142,-20.122,0.71,-2.282,102814.00,N/A,N/A,N/A,N/A,N/A,N/A,V
2025-11-01_15-58-14-608,1761992894.6084104,images/image_2025-11-01_15-58-14-608_0033.jpg,-0.0488,0.1777,1.1436,-14.656,3.55,-14.664,102814.00,N/A,N/A,N/A,N/A,N/A,N/A,V
2025-11-01_15-58-15-136,1761992895.137001,images/image_2025-11-01_15-58-15-136_0034.jpg,-0.2319,0.134,1.0779,16.511,49.397,2.71,102815.00,N/A,N/A,N/A,N/A,N/A,N/A,V
2025-11-01_15-58-15-571,1761992895.5717683,images/image_2025-11-01_15-58-15-571_0035.jpg,-0.0056,0.0708,0.9412,4.183,-14.672,-0.565,102815.00,N/A,N/A,N/A,N/A,N/A,N/A,V
2025-11-01_15-58-16-037,1761992896.0377736,images/image_2025-11-01_15-58-16-037_0036.jpg,-0.0955,0.1008,0.908,-0.511,7.229,-17.611,102816.00,N/A,N/A,N/A,N/A,N/A,N/A,V
2025-11-01_15-58-16-552,1761992896.5521882,images/image_2025-11-01_15-58-16-552_0037.jpg,-0.0479,0.1768,0.969,-19.802,-7.198,0.145,102816.00,N/A,N/A,N/A,N/A,N/A,N/A,V
2025-11-01_15-58-17-055,1761992897.0551558,images/image_2025-11-01_15-58-17-055_0038.jpg,0.0159,0.0935,1.0979,4.809,20.481,7.634,102817.00,N/A,N/A,N/A,N/A,N/A,N/A,V
2025-11-01_15-58-17-499,1761992897.499307,images/image_2025-11-01_15-58-17-499_0039.jpg,0.0413,0.0784,0.7617,-2.656,-32.137,-11.13,102817.00,N/A,N/A,N/A,N/A,N/A,N/A,V
2025-11-01_15-58-17-972,1761992897.9722252,images/image_2025-11-01_15-58-17-972_0040.jpg,0.1736,0.1238,1.1794,6.008,-0.58,4.519,102817.00,N/A,N/A,N/A,N/A,N/A,N/A,V
2025-11-01_15-58-18-590,1761992898.5911067,images/image_2025-11-01_15-58-18-590_0041.jpg,0.2119,0.386,1.5415,54.374,56.771,7.137,102818.00,N/A,N/A,N/A,N/A,N/A,N/A,V
2025-11-01_15-58-19-029,1761992899.0293589,images/image_2025-11-01_15-58-19-029_0042.jpg,-0.0293,-0.0054,0.8542,-26.847,10.809,8.351,102819.00,N/A,N/A,N/A,N/A,N/A,N/A,V
2025-11-01_15-58-19-514,1761992899.5148294,images/image_2025-11-01_15-58-19-514_0043.jpg,-0.0181,0.1211,1.0857,1.939,-7.634,-3.229,102819.00,N/A,N/A,N/A,N/A,N/A,N/A,V
2025-11-01_15-58-20-142,1761992900.1424592,images/image_2025-11-01_15-58-20-142_0044.jpg,0.0388,0.116,1.0264,-7.046,8.527,-9.542,102820.00,N/A,N/A,N/A,N/A,N/A,N/A,V
2025-11-01_15-58-20-677,1761992900.6772215,images/image_2025-11-01_15-58-20-677_0045.jpg,0.0691,0.0986,1.0435,-12.908,-0.435,3.969,102820.00,N/A,N/A,N/A,N/A,N/A,N/A,V
2025-11-01_15-58-21-168,1761992901.1682913,images/image_2025-11-01_15-58-21-168_0046.jpg,0.0066,0.0813,0.9243,1.359,-6.977,9.504,102821.00,N/A,N/A,N/A,N/A,N/A,N/A,V
2025-11-01_15-58-21-794,1761992901.7949922,images/image_2025-11-01_15-58-21-794_0047.jpg,-0.0896,0.0623,0.9707,4.878,37.901,0.351,102821.00,N/A,N/A,N/A,N/A,N/A,N/A,V
2025-11-01_15-58-22-278,1761992902.279048,images/image_2025-11-01_15-58-22-278_0048.jpg,0.0894,-0.074,0.6689,0.053,12.802,-2.626,102822.00,N/A,N/A,N/A,N/A,N/A,N/A,V
2025-11-01_15-58-22-727,1761992902.7279637,images/image_2025-11-01_15-58-22-727_0049.jpg,0.2864,0.3079,1.2109,14.435,36.107,13.046,102822.00,N/A,N/A,N/A,N/A,N/A,N/A,V
2025-11-01_15-58-23-220,1761992903.2207007,images/image_2025-11-01_15-58-23-220_0050.jpg,0.2502,0.2083,1.1045,4.16,-26.847,12.336,102823.00,N/A,N/A,N/A,N/A,N/A,N/A,V
2025-11-01_15-58-23-732,1761992903.73254,images/image_2025-11-01_15-58-23-732_0051.jpg,0.217,0.1445,0.9844,-17.504,-14.618,8.496,102823.00,N/A,N/A,N/A,N/A,N/A,N/A,V
2025-11-01_15-58-24-239,1761992904.239288,images/image_2025-11-01_15-58-24-239_0052.jpg,0.0439,-0.0095,1.0747,-4.206,36.481,-9.58,102824.00,N/A,N/A,N/A,N/A,N/A,N/A,V
2025-11-01_15-58-24-723,1761992904.7237642,images/image_2025-11-01_15-58-24-723_0053.jpg,0.0332,0.2078,1.043,-13.679,-17.351,7.412,102824.00,N/A,N/A,N/A,N/A,N/A,N/A,V
2025-11-01_15-58-25-237,1761992905.2380166,images/image_2025-11-01_15-58-25-237_0054.jpg,-0.0134,0.0728,0.9932,-3.405,0.679,5.122,102825.00,N/A,N/A,N/A,N/A,N/A,N/A,V
2025-11-01_15-58-25-801,1761992905.8016121,images/image_2025-11-01_15-58-25-801_0055.jpg,-0.0627,-0.0503,1.0066,-5.137,16.519,41.382,102825.00,N/A,N/A,N/A,N/A,N/A,N/A,V
2025-11-01_15-58-26-262,1761992906.2626388,images/image_2025-11-01_15-58-26-262_0056.jpg,0.084,0.1013,0.8892,32.573,6.557,0.176,102826.00,N/A,N/A,N/A,N/A,N/A,N/A,V
2025-11-01_15-58-26-872,1761992906.8722231,images/image_2025-11-01_15-58-26-872_0057.jpg,-0.0168,-0.0061,0.9878,-1.939,46.748,7.115,102826.00,N/A,N/A,N/A,N/A,N/A,N/A,V
2025-11-01_15-58-27-454,1761992907.4543972,images/image_2025-11-01_15-58-27-454_0058.jpg,-0.0627,-0.0029,1.0359,-0.55,-0.74,31.725,102827.00,N/A,N/A,N/A,N/A,N/A,N/A,V
2025-11-01_15-58-27-940,1761992907.9403853,images/image_2025-11-01_15-58-27-940_0059.jpg,-0.0811,0.0112,0.9617,-0.282,1.153,30.557,102827.00,N/A,N/A,N/A,N/A,N/A,N/A,V
2025-11-01_15-58-28-406,1761992908.4062698,images/image_2025-11-01_15-58-28-406_0060.jpg,-0.0576,0.0625,0.98,7.443,-10.137,10.695,102828.00,N/A,N/A,N/A,N/A,N/A,N/A,V
2025-11-01_15-58-28-885,1761992908.8858202,images/image_2025-11-01_15-58-28-885_0061.jpg,-0.0959,0.04,1.0007,-5.321,0.16,-7.695,102828.00,N/A,N/A,N/A,N/A,N/A,N/A,V
2025-11-01_15-58-29-295,1761992909.2954783,images/image_2025-11-01_15-58-29-295_0062.jpg,-0.0115,0.1064,0.9971,-8.092,-0.565,5.672,102829.00,N/A,N/A,N/A,N/A,N/A,N/A,V
2025-11-01_15-58-29-770,1761992909.7702222,images/image_2025-11-01_15-58-29-770_0063.jpg,0.0498,0.0728,0.9336,-12.763,-22.534,3.458,102829.00,N/A,N/A,N/A,N/A,N/A,N/A,V
2025-11-01_15-58-30-175,1761992910.1752534,images/image_2025-11-01_15-58-30-175_0064.jpg,0.0222,0.0002,0.9192,-19.496,3.45,-23.374,102830.00,N/A,N/A,N/A,N/A,N/A,N/A,V
2025-11-01_15-58-30-581,1761992910.5814261,images/image_2025-11-01_15-58-30-581_0065.jpg,-0.0076,-0.0669,0.9758,-3.099,11.634,10.122,102830.00,N/A,N/A,N/A,N/A,N/A,N/A,V
2025-11-01_15-58-31-118,1761992911.119066,images/image_2025-11-01_15-58-31-118_0066.jpg,-0.0254,0.0417,1.0618,15.74,-3.023,-22.504,102831.00,N/A,N/A,N/A,N/A,N/A,N/A,V
2025-11-01_15-58-31-535,1761992911.5359213,images/image_2025-11-01_15-58-31-535_0067.jpg,-0.0659,0.0271,1.0125,-2.847,0.191,10.229,102831.00,N/A,N/A,N/A,N/A,N/A,N/A,V
2025-11-01_15-58-32-018,1761992912.018445,images/image_2025-11-01_15-58-32-018_0068.jpg,0.0046,0.103,0.9495,0.618,-8.008,-5.466,102832.00,N/A,N/A,N/A,N/A,N/A,N/A,V
2025-11-01_15-58-32-466,1761992912.466821,images/image_2025-11-01_15-58-32-466_0069.jpg,0.0061,0.0732,1.0723,-39.855,17.244,-19.092,102832.00,N/A,N/A,N/A,N/A,N/A,N/A,V
2025-11-01_15-58-32-923,1761992912.92363,images/image_2025-11-01_15-58-32-923_0070.jpg,-0.0374,0.0122,1.0146,-1.198,-0.115,10.053,102832.00,N/A,N/A,N/A,N/A,N/A,N/A,V
2025-11-01_15-58-33-381,1761992913.3817167,images/image_2025-11-01_15-58-33-381_0071.jpg,0.0659,0.0444,1.0317,5.863,-2.649,-1.664,102833.00,N/A,N/A,N/A,N/A,N/A,N/A,V
2025-11-01_15-58-33-874,1761992913.8742108,images/image_2025-11-01_15-58-33-874_0072.jpg,0.0552,0.0632,0.9646,0.779,4.595,17.58,102833.00,N/A,N/A,N/A,N/A,N/A,N/A,V
2025-11-01_15-58-34-341,1761992914.3416126,images/image_2025-11-01_15-58-34-341_0073.jpg,0.0054,-0.0342,1.0334,-11.855,-3.618,7.931,102834.00,N/A,N/A,N/A,N/A,N/A,N/A,V
2025-11-01_15-58-34-822,1761992914.8224843,images/image_2025-11-01_15-58-34-822_0074.jpg,-0.0076,-0.0007,1.2229,-15.275,-18.527,3.237,102834.00,N/A,N/A,N/A,N/A,N/A,N/A,V
2025-11-01_15-58-35-304,1761992915.304379,images/image_2025-11-01_15-58-35-304_0075.jpg,0.0132,0.0657,0.9675,-10.412,-1.305,8.565,102835.00,N/A,N/A,N/A,N/A,N/A,N/A,V
2025-11-01_15-58-35-911,1761992915.9115648,images/image_2025-11-01_15-58-35-911_0076.jpg,0.0112,0.1038,1.0083,-7.321,1.786,-0.328,102835.00,N/A,N/A,N/A,N/A,N/A,N/A,V
2025-11-01_15-58-36-363,1761992916.3640103,images/image_2025-11-01_15-58-36-363_0077.jpg,0.0105,0.0146,1.0586,0.084,19.985,1.458,102836.00,N/A,N/A,N/A,N/A,N/A,N/A,V
2025-11-01_15-58-36-823,1761992916.8237662,images/image_2025-11-01_15-58-36-823_0078.jpg,-0.0156,0.0925,0.9116,-8.847,-14.275,1.359,102836.00,N/A,N/A,N/A,N/A,N/A,N/A,V
2025-11-01_15-58-37-347,1761992917.3473408,images/image_2025-11-01_15-58-37-347_0079.jpg,-0.0796,0.0627,1.0417,14.542,-4.221,6.267,102837.00,N/A,N/A,N/A,N/A,N/A,N/A,V
2025-11-01_15-58-37-778,1761992917.7784996,images/image_2025-11-01_15-58-37-778_0080.jpg,-0.0518,0.1035,0.8687,4.321,-8.802,23.992,102837.00,N/A,N/A,N/A,N/A,N/A,N/A,V
2025-11-01_15-58-38-267,1761992918.2679727,images/image_2025-11-01_15-58-38-267_0081.jpg,0.1143,0.1311,0.8857,11.145,3.023,1.336,102838.00,N/A,N/A,N/A,N/A,N/A,N/A,V
2025-11-01_15-58-38-682,1761992918.6829853,images/image_2025-11-01_15-58-38-682_0082.jpg,0.1182,0.0784,1.0142,-9.908,13.58,-4.557,102838.00,N/A,N/A,N/A,N/A,N/A,N/A,V
2025-11-01_15-58-39-182,1761992919.182711,images/image_2025-11-01_15-58-39-182_0083.jpg,0.0012,-0.0452,1.0425,-10.74,-17.107,-27.924,102839.00,N/A,N/A,N/A,N/A,N/A,N/A,V
2025-11-01_15-58-40-008,1761992920.008619,images/image_2025-11-01_15-58-40-008_0084.jpg,0.011,0.0735,0.8682,-8.412,13.542,6.702,102839.00,N/A,N/A,N/A,N/A,N/A,N/A,V
2025-11-01_15-58-40-511,1761992920.511431,images/image_2025-11-01_15-58-40-511_0085.jpg,-0.0015,-0.0762,1.051,4.397,-24.809,11.115,102840.00,N/A,N/A,N/A,N/A,N/A,N/A,V
2025-11-01_15-58-41-047,1761992921.0476356,images/image_2025-11-01_15-58-41-047_0086.jpg,0.0242,0.0342,1.071,18.191,10.26,-4.832,102841.00,N/A,N/A,N/A,N/A,N/A,N/A,V
2025-11-01_15-58-41-565,1761992921.5658376,images/image_2025-11-01_15-58-41-565_0087.jpg,-0.0071,0.1184,1.0168,13.481,21.916,-2.748,102841.00,N/A,N/A,N/A,N/A,N/A,N/A,V
2025-11-01_15-58-42-026,1761992922.0270226,images/image_2025-11-01_15-58-42-026_0088.jpg,-0.0051,-0.0159,0.9377,-21.214,-6.298,-9.061,102841.00,N/A,N/A,N/A,N/A,N/A,N/A,V
2025-11-01_15-58-42-793,1761992922.7936058,images/image_2025-11-01_15-58-42-793_0089.jpg,0.084,0.0413,1.1072,-1.046,-6.55,-9.29,102842.00,N/A,N/A,N/A,N/A,N/A,N/A,V
2025-11-01_15-58-43-254,1761992923.254386,images/image_2025-11-01_15-58-43-254_0090.jpg,-0.0649,0.0171,0.9778,-11.374,-5.084,9.389,102843.00,N/A,N/A,N/A,N/A,N/A,N/A,V
2025-11-01_15-58-43-737,1761992923.7373111,images/image_2025-11-01_15-58-43-737_0091.jpg,-0.0796,-0.0349,1.0051,3.16,-8.679,15.252,102843.00,N/A,N/A,N/A,N/A,N/A,N/A,V
2025-11-01_15-58-44-222,1761992924.2224069,images/image_2025-11-01_15-58-44-222_0092.jpg,-0.0029,-0.0117,0.9873,2.16,-9.16,30.13,102844.00,N/A,N/A,N/A,N/A,N/A,N/A,V
2025-11-01_15-58-44-705,1761992924.705707,images/image_2025-11-01_15-58-44-705_0093.jpg,-0.0576,0.0361,1.0032,12.786,23.611,11.794,102844.00,N/A,N/A,N/A,N/A,N/A,N/A,V
2025-11-01_15-58-45-215,1761992925.215948,images/image_2025-11-01_15-58-45-215_0094.jpg,0.0391,0.1306,1.1204,15.069,3.779,-15.229,102845.00,N/A,N/A,N/A,N/A,N/A,N/A,V
2025-11-01_15-58-45-653,1761992925.6534975,images/image_2025-11-01_15-58-45-653_0095.jpg,-0.0002,-0.0137,0.9731,-4.885,25.221,-18.718,102845.00,N/A,N/A,N/A,N/A,N/A,N/A,V
2025-11-01_15-58-46-154,1761992926.154178,images/image_2025-11-01_15-58-46-154_0096.jpg,0.0222,0.0205,1.0903,-4.229,19.534,-3.008,102846.00,N/A,N/A,N/A,N/A,N/A,N/A,V
2025-11-01_15-58-46-618,1761992926.6187484,images/image_2025-11-01_15-58-46-618_0097.jpg,0.1575,0.0247,1.0962,-10.466,-9.122,13.565,102846.00,N/A,N/A,N/A,N/A,N/A,N/A,V
2025-11-01_15-58-47-177,1761992927.1779397,images/image_2025-11-01_15-58-47-177_0098.jpg,-0.0122,0.0798,1.1021,25.573,21.718,1.84,102847.00,N/A,N/A,N/A,N/A,N/A,N/A,V
2025-11-01_15-58-47-657,1761992927.657834,images/image_2025-11-01_15-58-47-657_0099.jpg,-0.0374,0.1538,1.01,3.359,9.802,9.504,102847.00,N/A,N/A,N/A,N/A,N/A,N/A,V
2025-11-01_15-58-48-146,1761992928.146654,images/image_2025-11-01_15-58-48-146_0100.jpg,0.0186,0.0059,0.9773,-25.313,-15.969,-2.397,102847.00,N/A,N/A,N/A,N/A,N/A,N/A,V
2025-11-01_15-58-48-611,1761992928.6116846,images/image_2025-11-01_15-58-48-611_0101.jpg,-0.0359,0.0283,0.9385,-11.092,-10.16,6.321,102848.00,N/A,N/A,N/A,N/A,N/A,N/A,V
2025-11-01_15-58-49-096,1761992929.0965092,images/image_2025-11-01_15-58-49-096_0102.jpg,-0.0181,0.0801,0.9521,-9.008,3.802,-1.031,102849.00,N/A,N/A,N/A,N/A,N/A,N/A,V
2025-11-01_15-58-49-542,1761992929.5431159,images/image_2025-11-01_15-58-49-542_0103.jpg,-0.0151,0.0659,0.9207,-4.321,35.191,2.924,102849.00,N/A,N/A,N/A,N/A,N/A,N/A,V
2025-11-01_15-58-50-037,1761992930.0378325,images/image_2025-11-01_15-58-50-037_0104.jpg,0.0227,-0.0266,1.0229,-4.916,-21.008,6.649,102850.00,N/A,N/A,N/A,N/A,N/A,N/A,V
2025-11-01_15-58-50-585,1761992930.586043,images/image_2025-11-01_15-58-50-585_0105.jpg,0.0198,0.0483,0.9268,9.473,-10.756,-26.282,102850.00,N/A,N/A,N/A,N/A,N/A,N/A,V
2025-11-01_15-58-51-014,1761992931.0143676,images/image_2025-11-01_15-58-51-014_0106.jpg,-0.0581,0.0852,1.095,13.855,-23.122,-2.092,102851.00,N/A,N/A,N/A,N/A,N/A,N/A,V
2025-11-01_15-58-51-480,1761992931.4804368,images/image_2025-11-01_15-58-51-480_0107.jpg,0.0203,0.0491,1.0745,0.55,-12.252,11.168,102851.00,N/A,N/A,N/A,N/A,N/A,N/A,V
2025-11-01_15-58-51-968,1761992931.96818,images/image_2025-11-01_15-58-51-968_0108.jpg,-0.0215,0.0051,0.873,-18.557,-3.74,11.847,102851.00,N/A,N/A,N/A,N/A,N/A,N/A,V
2025-11-01_15-58-52-441,1761992932.4412508,images/image_2025-11-01_15-58-52-441_0109.jpg,-0.0022,0.1177,1.0046,9.397,-6.534,-3.878,102852.00,N/A,N/A,N/A,N/A,N/A,N/A,V
2025-11-01_15-58-52-913,1761992932.9136024,images/image_2025-11-01_15-58-52-913_0110.jpg,0.1277,0.1221,1.0256,-8.084,-2.366,-15.74,102852.00,N/A,N/A,N/A,N/A,N/A,N/A,V
2025-11-01_15-58-53-351,1761992933.35145,images/image_2025-11-01_15-58-53-351_0111.jpg,0.0691,0.0002,1.0457,-1.382,-24.221,-6.573,102853.00,N/A,N/A,N/A,N/A,N/A,N/A,V
2025-11-01_15-58-53-883,1761992933.8839042,images/image_2025-11-01_15-58-53-883_0112.jpg,0.0554,0.1416,1.0017,-3.748,-0.733,4.763,102853.00,N/A,N/A,N/A,N/A,N/A,N/A,V
2025-11-01_15-58-54-372,1761992934.37282,images/image_2025-11-01_15-58-54-372_0113.jpg,0.0693,0.1243,1.0801,-11.939,16.733,-2.115,102854.00,N/A,N/A,N/A,N/A,N/A,N/A,V
2025-11-01_15-58-54-856,1761992934.8569636,images/image_2025-11-01_15-58-54-856_0114.jpg,0.0442,0.1733,0.925,1.511,-22.763,-23.71,102854.00,N/A,N/A,N/A,N/A,N/A,N/A,V
2025-11-01_15-58-55-398,1761992935.3985941,images/image_2025-11-01_15-58-55-398_0115.jpg,-0.0264,0.1394,1.0024,-27.015,37.573,6.244,102855.00,N/A,N/A,N/A,N/A,N/A,N/A,V
2025-11-01_15-58-55-971,1761992935.9713628,images/image_2025-11-01_15-58-55-971_0116.jpg,-0.0769,0.1382,1.0032,-16.26,23.809,-33.031,102855.00,N/A,N/A,N/A,N/A,N/A,N/A,V
2025-11-01_15-58-56-442,1761992936.442176,images/image_2025-11-01_15-58-56-442_0117.jpg,0.0947,0.051,1.0305,-7.687,-30.519,-9.282,102856.00,N/A,N/A,N/A,N/A,N/A,N/A,V
2025-11-01_15-58-56-854,1761992936.8545222,images/image_2025-11-01_15-58-56-854_0118.jpg,-0.4004,0.0195,0.9275,-7.183,27.359,4.084,102856.00,N/A,N/A,N/A,N/A,N/A,N/A,V
2025-11-01_15-58-57-328,1761992937.328809,images/image_2025-11-01_15-58-57-328_0119.jpg,-0.0728,0.1223,1.032,-7.137,7.099,1.176,102857.00,N/A,N/A,N/A,N/A,N/A,N/A,V
2025-11-01_15-58-57-737,1761992937.7373803,images/image_2025-11-01_15-58-57-737_0120.jpg,-0.0076,0.1145,0.9746,-2.84,-4.588,8.649,102857.00,N/A,N/A,N/A,N/A,N/A,N/A,V
2025-11-01_15-58-58-214,1761992938.2148914,images/image_2025-11-01_15-58-58-214_0121.jpg,-0.0242,0.1262,0.9717,-5.893,11.878,29.023,102858.00,N/A,N/A,N/A,N/A,N/A,N/A,V
2025-11-01_15-58-58-868,1761992938.8681273,images/image_2025-11-01_15-58-58-868_0122.jpg,-0.0171,0.0857,0.988,0.679,27.817,3.924,102858.00,N/A,N/A,N/A,N/A,N/A,N/A,V
2025-11-01_15-58-59-311,1761992939.311854,images/image_2025-11-01_15-58-59-311_0123.jpg,0.1052,0.0835,1.1501,11.702,16.71,1.664,102859.00,N/A,N/A,N/A,N/A,N/A,N/A,V
2025-11-01_15-58-59-810,1761992939.8107705,images/image_2025-11-01_15-58-59-810_0124.jpg,-0.0225,0.127,1.0505,8.031,5.656,-16.977,102859.00,N/A,N/A,N/A,N/A,N/A,N/A,V
2025-11-01_15-59-00-291,1761992940.2915337,images/image_2025-11-01_15-59-00-291_0125.jpg,0.1084,0.0747,0.9492,6.29,-24.962,-27.794,102900.00,N/A,N/A,N/A,N/A,N/A,N/A,V
2025-11-01_15-59-00-769,1761992940.76979,images/image_2025-11-01_15-59-00-769_0126.jpg,0.2126,0.0642,0.812,-16.053,-9.687,-12.779,102900.00,N/A,N/A,N/A,N/A,N/A,N/A,V
2025-11-01_15-59-01-257,1761992941.2578795,images/image_2025-11-01_15-59-01-257_0127.jpg,-0.0059,0.116,1.0466,2.603,-15.718,4.084,102901.00,N/A,N/A,N/A,N/A,N/A,N/A,V
2025-11-01_15-59-01-813,1761992941.8133378,images/image_2025-11-01_15-59-01-813_0128.jpg,0.2852,0.0156,0.8762,5.985,1.672,-32.611,102901.00,N/A,N/A,N/A,N/A,N/A,N/A,V
2025-11-01_15-59-02-341,1761992942.3414161,images/image_2025-11-01_15-59-02-341_0129.jpg,0.1851,0.0774,1.0405,1.336,-9.198,-10.015,102902.00,N/A,N/A,N/A,N/A,N/A,N/A,V
2025-11-01_15-59-02-783,1761992942.783148,images/image_2025-11-01_15-59-02-783_0130.jpg,-0.1021,0.0923,1.0806,2.87,0.924,-2.672,102902.00,N/A,N/A,N/A,N/A,N/A,N/A,V
2025-11-01_15-59-03-262,1761992943.262454,images/image_2025-11-01_15-59-03-262_0131.jpg,0.0005,0.1228,1.2761,-5.16,10.099,-8.282,102903.00,N/A,N/A,N/A,N/A,N/A,N/A,V
2025-11-01_15-59-03-679,1761992943.6793644,images/image_2025-11-01_15-59-03-679_0132.jpg,0.1619,0.2212,1.4678,18.267,-33.634,22.672,102903.00,N/A,N/A,N/A,N/A,N/A,N/A,V
2025-11-01_15-59-04-157,1761992944.1575284,images/image_2025-11-01_15-59-04-157_0133.jpg,0.033,0.085,1.083,6.87,10.328,-1.603,102904.00,N/A,N/A,N/A,N/A,N/A,N/A,V
2025-11-01_15-59-04-598,1761992944.5983877,images/image_2025-11-01_15-59-04-598_0134.jpg,0.0198,0.1514,1.0867,-8.466,0.153,-20.679,102904.00,N/A,N/A,N/A,N/A,N/A,N/A,V
2025-11-01_15-59-05-078,1761992945.0782082,images/image_2025-11-01_15-59-05-078_0135.jpg,-0.0083,0.0425,0.9106,-12.069,-22.901,2.275,102905.00,N/A,N/A,N/A,N/A,N/A,N/A,V
2025-11-01_15-59-05-571,1761992945.5711722,images/image_2025-11-01_15-59-05-571_0136.jpg,0.1387,0.1101,1.2332,7.756,0.702,2.405,102905.00,N/A,N/A,N/A,N/A,N/A,N/A,V
2025-11-01_15-59-06-057,1761992946.0573916,images/image_2025-11-01_15-59-06-057_0137.jpg,-0.0662,0.103,1.1152,-7.672,-23.015,14.962,102905.00,N/A,N/A,N/A,N/A,N/A,N/A,V
2025-11-01_15-59-06-517,1761992946.5176635,images/image_2025-11-01_15-59-06-517_0138.jpg,-0.116,0.0986,0.9773,-0.405,8.366,5.244,102906.00,N/A,N/A,N/A,N/A,N/A,N/A,V
2025-11-01_15-59-07-015,1761992947.0156639,images/image_2025-11-01_15-59-07-015_0139.jpg,-0.0337,0.1699,1.4758,4.656,-32.489,38.198,102907.00,N/A,N/A,N/A,N/A,N/A,N/A,V
2025-11-01_15-59-07-513,1761992947.5139122,images/image_2025-11-01_15-59-07-513_0140.jpg,-0.1562,0.1292,0.8376,0.443,26.779,-12.397,102907.00,N/A,N/A,N/A,N/A,N/A,N/A,V
2025-11-01_15-59-07-958,1761992947.958883,images/image_2025-11-01_15-59-07-958_0141.jpg,-0.105,0.1348,1.0857,-15.206,0.267,0.634,102907.00,N/A,N/A,N/A,N/A,N/A,N/A,V
2025-11-01_15-59-08-393,1761992948.3931031,images/image_2025-11-01_15-59-08-393_0142.jpg,-0.0225,0.134,1.0613,-10.412,14.031,-3.382,102908.00,N/A,N/A,N/A,N/A,N/A,N/A,V
2025-11-01_15-59-08-814,1761992948.8148482,images/image_2025-11-01_15-59-08-814_0143.jpg,-0.1479,0.1702,1.0718,1.145,19.916,-1.115,102908.00,N/A,N/A,N/A,N/A,N/A,N/A,V
2025-11-01_15-59-09-237,1761992949.2374172,images/image_2025-11-01_15-59-09-237_0144.jpg,-0.0208,0.0488,1.0264,6.069,-9.656,-2.168,102909.00,N/A,N/A,N/A,N/A,N/A,N/A,V
2025-11-01_15-59-09-686,1761992949.6869519,images/image_2025-11-01_15-59-09-686_0145.jpg,-0.0518,0.0742,0.9404,-10.687,-7.366,-8.893,102909.00,N/A,N/A,N/A,N/A,N/A,N/A,V
2025-11-01_15-59-10-104,1761992950.1042905,images/image_2025-11-01_15-59-10-104_0146.jpg,-0.0088,0.1182,0.9644,-8.504,0.84,-23.191,102910.00,N/A,N/A,N/A,N/A,N/A,N/A,V
2025-11-01_15-59-10-674,1761992950.6742444,images/image_2025-11-01_15-59-10-674_0147.jpg,-0.0391,0.0273,0.9592,-10.573,-12.641,-4.511,102910.00,N/A,N/A,N/A,N/A,N/A,N/A,V
2025-11-01_15-59-11-086,1761992951.0867503,images/image_2025-11-01_15-59-11-086_0148.jpg,-0.0859,-0.0085,0.8525,-9.786,-18.275,5.855,102911.00,N/A,N/A,N/A,N/A,N/A,N/A,V
2025-11-01_15-59-11-585,1761992951.5856757,images/image_2025-11-01_15-59-11-585_0149.jpg,0.1191,-0.0828,1.0991,-10.023,-8.74,1.885,102911.00,N/A,N/A,N/A,N/A,N/A,N/A,V
2025-11-01_15-59-12-075,1761992952.0751982,images/image_2025-11-01_15-59-12-075_0150.jpg,0.041,0.1113,1.0554,7.863,8.198,0.443,102911.00,N/A,N/A,N/A,N/A,N/A,N/A,V
2025-11-01_15-59-12-896,1761992952.896381,images/image_2025-11-01_15-59-12-896_0151.jpg,-0.0662,0.1733,1.0854,9.824,14.977,5.107,102912.00,N/A,N/A,N/A,N/A,N/A,N/A,V
2025-11-01_15-59-13-424,1761992953.4246402,images/image_2025-11-01_15-59-13-424_0152.jpg,0.002,0.0623,1.0825,-1.122,-30.008,6.069,102913.00,N/A,N/A,N/A,N/A,N/A,N/A,V
2025-11-01_15-59-13-889,1761992953.8892303,images/image_2025-11-01_15-59-13-889_0153.jpg,0.1016,0.0498,0.9309,-7.412,-39.252,-11.427,102913.00,N/A,N/A,N/A,N/A,N/A,N/A,V
2025-11-01_15-59-14-374,1761992954.3747973,images/image_2025-11-01_15-59-14-374_0154.jpg,-0.1711,0.1643,1.1064,-0.794,40.328,15.191,102914.00,N/A,N/A,N/A,N/A,N/A,N/A,V
2025-11-01_15-59-14-832,1761992954.8326974,images/image_2025-11-01_15-59-14-832_0155.jpg,0.0588,0.032,1.0129,-3.061,-8.87,5.221,102914.00,N/A,N/A,N/A,N/A,N/A,N/A,V
2025-11-01_15-59-15-360,1761992955.3608432,images/image_2025-11-01_15-59-15-360_0156.jpg,-0.0654,0.0867,0.9912,-12.496,3.183,15.145,102915.00,N/A,N/A,N/A,N/A,N/A,N/A,V
2025-11-01_15-59-15-813,1761992955.8139071,images/image_2025-11-01_15-59-15-813_0157.jpg,0.167,0.0483,1.2073,5.252,-18.832,-19.122,102915.00,N/A,N/A,N/A,N/A,N/A,N/A,V
2025-11-01_15-59-16-215,1761992956.2152874,images/image_2025-11-01_15-59-16-215_0158.jpg,-0.1162,0.189,1.168,13.321,25.748,-7.847,102916.00,N/A,N/A,N/A,N/A,N/A,N/A,V
2025-11-01_15-59-16-719,1761992956.719999,images/image_2025-11-01_15-59-16-719_0159.jpg,0.082,0.1475,1.3069,1.382,-32.786,19.382,102916.00,N/A,N/A,N/A,N/A,N/A,N/A,V
2025-11-01_15-59-17-164,1761992957.1641805,images/image_2025-11-01_15-59-17-164_0160.jpg,-0.072,0.1396,1.0745,5.595,2.397,-0.802,102917.00,N/A,N/A,N/A,N/A,N/A,N/A,V
2025-11-01_15-59-17-649,1761992957.649235,images/image_2025-11-01_15-59-17-649_0161.jpg,0.0408,0.0342,0.8948,-22.542,-36.687,-25.626,102917.00,N/A,N/A,N/A,N/A,N/A,N/A,V
2025-11-01_15-59-18-055,1761992958.056039,images/image_2025-11-01_15-59-18-055_0162.jpg,0.0645,0.1606,1.1953,-5.237,-18.573,-12.504,102917.00,N/A,N/A,N/A,N/A,N/A,N/A,V
2025-11-01_15-59-18-494,1761992958.4948342,images/image_2025-11-01_15-59-18-494_0163.jpg,0.0503,0.0442,0.9465,-25.58,-16.573,-2.176,102918.00,N/A,N/A,N/A,N/A,N/A,N/A,V
2025-11-01_15-59-18-922,1761992958.9229672,images/image_2025-11-01_15-59-18-922_0164.jpg,-0.1084,0.0796,1.0171,-1.672,9.87,-1.885,102918.00,N/A,N/A,N/A,N/A,N/A,N/A,V
2025-11-01_15-59-19-326,1761992959.3268185,images/image_2025-11-01_15-59-19-326_0165.jpg,0.0686,0.0447,0.9827,-6.366,-5.802,5.031,102919.00,N/A,N/A,N/A,N/A,N/A,N/A,V
2025-11-01_15-59-19-780,1761992959.7802198,images/image_2025-11-01_15-59-19-780_0166.jpg,0.0137,0.1113,1.0474,-2.672,9.145,3.084,102919.00,N/A,N/A,N/A,N/A,N/A,N/A,V
2025-11-01_15-59-20-198,1761992960.198241,images/image_2025-11-01_15-59-20-198_0167.jpg,0.0706,0.0479,0.9333,3.038,1.84,-5.664,102920.00,N/A,N/A,N/A,N/A,N/A,N/A,V
2025-11-01_15-59-20-605,1761992960.6058872,images/image_2025-11-01_15-59-20-605_0168.jpg,0.0859,0.0837,1.0559,-8.885,-5.672,1.023,102920.00,N/A,N/A,N/A,N/A,N/A,N/A,V
2025-11-01_15-59-21-099,1761992961.0996032,images/image_2025-11-01_15-59-21-099_0169.jpg,0.0164,0.0867,0.9182,-13.237,-6.595,4.298,102921.00,N/A,N/A,N/A,N/A,N/A,N/A,V
2025-11-01_15-59-21-558,1761992961.5590675,images/image_2025-11-01_15-59-21-558_0170.jpg,0.0281,0.1013,0.9788,-10.534,4.588,23.115,102921.00,N/A,N/A,N/A,N/A,N/A,N/A,V
2025-11-01_15-59-21-978,1761992961.9782302,images/image_2025-11-01_15-59-21-978_0171.jpg,-0.0115,0.0886,1.0552,-5.588,0.893,18.305,102921.00,N/A,N/A,N/A,N/A,N/A,N/A,V
2025-11-01_15-59-22-468,1761992962.4690251,images/image_2025-11-01_15-59-22-468_0172.jpg,-0.0305,0.0776,1.1052,18.008,-8.244,14.817,102922.00,N/A,N/A,N/A,N/A,N/A,N/A,V
2025-11-01_15-59-22-996,1761992962.9965131,images/image_2025-11-01_15-59-22-996_0173.jpg,0.1082,0.1519,1.0632,-0.008,9.389,-7.206,102923.00,N/A,N/A,N/A,N/A,N/A,N/A,V
2025-11-01_15-59-23-488,1761992963.4887526,images/image_2025-11-01_15-59-23-488_0174.jpg,-0.0376,0.1631,1.0674,0.695,14.832,5.908,102923.00,N/A,N/A,N/A,N/A,N/A,N/A,V
2025-11-01_15-59-23-958,1761992963.9582474,images/image_2025-11-01_15-59-23-958_0175.jpg,-0.0352,0.1301,0.8672,-16.389,9.992,-9.725,102923.00,N/A,N/A,N/A,N/A,N/A,N/A,V
2025-11-01_15-59-24-451,1761992964.4517605,images/image_2025-11-01_15-59-24-451_0176.jpg,0.1255,0.1001,1.0647,-18.008,-19.405,5.344,102924.00,N/A,N/A,N/A,N/A,N/A,N/A,V
2025-11-01_15-59-25-104,1761992965.1049068,images/image_2025-11-01_15-59-25-104_0177.jpg,-0.0256,0.188,0.9229,0.0,-0.779,-6.603,102925.00,N/A,N/A,N/A,N/A,N/A,N/A,V
2025-11-01_15-59-25-560,1761992965.560941,images/image_2025-11-01_15-59-25-560_0178.jpg,0.054,0.0962,0.946,-14.298,1.092,-18.863,102925.00,N/A,N/A,N/A,N/A,N/A,N/A,V
2025-11-01_15-59-26-130,1761992966.130532,images/image_2025-11-01_15-59-26-130_0179.jpg,-0.0334,0.1057,0.9207,-9.962,9.992,-7.13,102926.00,N/A,N/A,N/A,N/A,N/A,N/A,V
2025-11-01_15-59-26-630,1761992966.630754,images/image_2025-11-01_15-59-26-630_0180.jpg,-0.1033,0.2532,1.0903,-4.153,4.832,1.015,102926.00,N/A,N/A,N/A,N/A,N/A,N/A,V
2025-11-01_15-59-27-114,1761992967.1147287,images/image_2025-11-01_15-59-27-114_0181.jpg,0.0845,-0.0127,1.1848,-14.412,6.626,7.962,102927.00,N/A,N/A,N/A,N/A,N/A,N/A,V
2025-11-01_15-59-27-595,1761992967.5959911,images/image_2025-11-01_15-59-27-595_0182.jpg,0.1682,0.0991,1.2102,7.305,17.786,23.756,102927.00,N/A,N/A,N/A,N/A,N/A,N/A,V
2025-11-01_15-59-28-059,1761992968.0592844,images/image_2025-11-01_15-59-28-059_0183.jpg,0.1067,0.136,1.0173,-1.954,2.863,-4.229,102928.00,N/A,N/A,N/A,N/A,N/A,N/A,V
2025-11-01_15-59-28-529,1761992968.529605,images/image_2025-11-01_15-59-28-529_0184.jpg,0.1216,0.0442,0.9553,-9.489,-8.344,-10.13,102928.00,N/A,N/A,N/A,N/A,N/A,N/A,V
2025-11-01_15-59-29-035,1761992969.0360272,images/image_2025-11-01_15-59-29-035_0185.jpg,0.0498,0.1536,1.0557,-4.26,23.649,-8.542,102929.00,N/A,N/A,N/A,N/A,N/A,N/A,V
2025-11-01_15-59-29-552,1761992969.5530775,images/image_2025-11-01_15-59-29-552_0186.jpg,-0.0032,0.1106,0.9197,-16.954,0.55,2.947,102929.00,N/A,N/A,N/A,N/A,N/A,N/A,V
2025-11-01_15-59-29-975,1761992969.9752262,images/image_2025-11-01_15-59-29-975_0187.jpg,0.0222,0.1611,0.9287,6.847,-2.603,19.573,102929.00,N/A,N/A,N/A,N/A,N/A,N/A,V
2025-11-01_15-59-30-449,1761992970.4499693,images/image_2025-11-01_15-59-30-449_0188.jpg,0.0264,0.1946,0.979,-36.794,1.573,-15.626,102930.00,N/A,N/A,N/A,N/A,N/A,N/A,V
2025-11-01_15-59-30-938,1761992970.938586,images/image_2025-11-01_15-59-30-938_0189.jpg,-0.1411,0.1953,0.8174,-11.0,-4.824,-33.763,102930.00,N/A,N/A,N/A,N/A,N/A,N/A,V
2025-11-01_15-59-31-401,1761992971.4016678,images/image_2025-11-01_15-59-31-401_0190.jpg,0.0938,0.0681,0.8447,-18.122,6.969,-0.786,102931.00,N/A,N/A,N/A,N/A,N/A,N/A,V
2025-11-01_15-59-31-827,1761992971.827317,images/image_2025-11-01_15-59-31-827_0191.jpg,0.0996,0.0471,1.0381,-3.557,2.374,-6.26,102931.00,N/A,N/A,N/A,N/A,N/A,N/A,V
2025-11-01_15-59-32-282,1761992972.2824824,images/image_2025-11-01_15-59-32-282_0192.jpg,0.011,0.1433,1.0093,10.718,1.878,-1.382,102932.00,N/A,N/A,N/A,N/A,N/A,N/A,V
2025-11-01_15-59-32-825,1761992972.8254614,images/image_2025-11-01_15-59-32-825_0193.jpg,0.0547,0.1809,0.9893,-16.58,-2.321,-7.351,102932.00,N/A,N/A,N/A,N/A,N/A,N/A,V
2025-11-01_15-59-33-289,1761992973.2896135,images/image_2025-11-01_15-59-33-289_0194.jpg,0.1077,0.1187,0.9714,-28.321,1.779,3.649,102933.00,N/A,N/A,N/A,N/A,N/A,N/A,V
2025-11-01_15-59-33-770,1761992973.7703376,images/image_2025-11-01_15-59-33-770_0195.jpg,0.0908,0.0876,0.947,-11.977,-10.229,8.214,102933.00,N/A,N/A,N/A,N/A,N/A,N/A,V
2025-11-01_15-59-34-369,1761992974.369756,images/image_2025-11-01_15-59-34-369_0196.jpg,0.0996,0.0583,1.0413,-7.534,-11.763,9.992,102934.00,N/A,N/A,N/A,N/A,N/A,N/A,V
2025-11-01_15-59-34-841,1761992974.8419783,images/image_2025-11-01_15-59-34-841_0197.jpg,0.1421,0.1533,0.8799,10.0,4.702,-1.855,102934.00,N/A,N/A,N/A,N/A,N/A,N/A,V
2025-11-01_15-59-35-362,1761992975.3628166,images/image_2025-11-01_15-59-35-362_0198.jpg,-0.0122,0.0291,0.7314,-9.137,-5.756,2.573,102935.00,N/A,N/A,N/A,N/A,N/A,N/A,V
2025-11-01_15-59-35-809,1761992975.8097308,images/image_2025-11-01_15-59-35-809_0199.jpg,0.0161,0.1123,1.0657,-4.473,-12.969,6.305,102935.00,N/A,N/A,N/A,N/A,N/A,N/A,V
2025-11-01_15-59-36-265,1761992976.2653208,images/image_2025-11-01_15-59-36-265_0200.jpg,0.0908,0.1099,0.99,-6.351,3.634,0.779,102936.00,N/A,N/A,N/A,N/A,N/A,N/A,V
2025-11-01_15-59-36-728,1761992976.7284403,images/image_2025-11-01_15-59-36-728_0201.jpg,0.0234,0.106,0.9365,3.229,-2.557,-2.008,102936.00,N/A,N/A,N/A,N/A,N/A,N/A,V
2025-11-01_15-59-37-259,1761992977.2593114,images/image_2025-11-01_15-59-37-259_0202.jpg,-0.0413,0.1223,0.9412,-12.305,9.748,-0.076,102937.00,N/A,N/A,N/A,N/A,N/A,N/A,V
2025-11-01_15-59-37-685,1761992977.6851501,images/image_2025-11-01_15-59-37-685_0203.jpg,-0.0159,0.1118,0.9087,5.29,9.687,-1.687,102937.00,N/A,N/A,N/A,N/A,N/A,N/A,V
2025-11-01_15-59-38-273,1761992978.2736716,images/image_2025-11-01_15-59-38-273_0204.jpg,0.1155,0.1521,1.0,3.275,4.527,7.664,102938.00,N/A,N/A,N/A,N/A,N/A,N/A,V
2025-11-01_15-59-38-751,1761992978.751595,images/image_2025-11-01_15-59-38-751_0205.jpg,-0.0488,0.1973,0.9548,-3.504,9.718,-29.962,102938.00,N/A,N/A,N/A,N/A,N/A,N/A,V
2025-11-01_15-59-39-196,1761992979.1967301,images/image_2025-11-01_15-59-39-196_0206.jpg,0.3235,0.345,1.5144,51.679,29.145,-30.099,102939.00,N/A,N/A,N/A,N/A,N/A,N/A,V
2025-11-01_15-59-39-598,1761992979.5982301,images/image_2025-11-01_15-59-39-598_0207.jpg,0.0872,0.0376,1.1492,-20.87,-16.29,1.603,102939.00,N/A,N/A,N/A,N/A,N/A,N/A,V
2025-11-01_15-59-40-078,1761992980.078704,images/image_2025-11-01_15-59-40-078_0208.jpg,0.3562,0.0312,0.9519,-18.153,6.435,1.122,102940.00,N/A,N/A,N/A,N/A,N/A,N/A,V
2025-11-01_15-59-40-577,1761992980.5778599,images/image_2025-11-01_15-59-40-577_0209.jpg,0.1931,0.0386,0.8738,-4.634,1.313,2.137,102940.00,N/A,N/A,N/A,N/A,N/A,N/A,V
2025-11-01_15-59-41-042,1761992981.0428524,images/image_2025-11-01_15-59-41-042_0210.jpg,0.1245,0.0964,0.9839,-4.206,-4.74,-2.87,102941.00,N/A,N/A,N/A,N/A,N/A,N/A,V
2025-11-01_15-59-41-644,1761992981.6444585,images/image_2025-11-01_15-59-41-644_0211.jpg,0.1379,0.0815,0.9597,-3.496,-9.473,-0.878,102941.00,N/A,N/A,N/A,N/A,N/A,N/A,V
2025-11-01_15-59-42-068,1761992982.0682588,images/image_2025-11-01_15-59-42-068_0212.jpg,0.0715,0.0994,1.0237,1.458,6.908,-9.618,102941.00,N/A,N/A,N/A,N/A,N/A,N/A,V
2025-11-01_15-59-42-490,1761992982.4904742,images/image_2025-11-01_15-59-42-490_0213.jpg,0.1353,0.0879,0.9524,-6.634,-5.618,3.412,102942.00,N/A,N/A,N/A,N/A,N/A,N/A,V
2025-11-01_15-59-42-970,1761992982.9701335,images/image_2025-11-01_15-59-42-970_0214.jpg,0.1716,0.1338,1.0281,2.733,8.496,0.092,102942.00,N/A,N/A,N/A,N/A,N/A,N/A,V
2025-11-01_15-59-43-374,1761992983.3748965,images/image_2025-11-01_15-59-43-374_0215.jpg,0.2402,0.1055,1.0259,-13.191,-4.206,16.237,102943.00,N/A,N/A,N/A,N/A,N/A,N/A,V
2025-11-01_15-59-43-781,1761992983.781731,images/image_2025-11-01_15-59-43-781_0216.jpg,0.0466,0.0457,1.0256,-1.336,-2.611,12.076,102943.00,N/A,N/A,N/A,N/A,N/A,N/A,V
2025-11-01_15-59-44-252,1761992984.2526853,images/image_2025-11-01_15-59-44-252_0217.jpg,-0.0522,0.0999,1.1008,15.328,4.344,-1.611,102944.00,N/A,N/A,N/A,N/A,N/A,N/A,V
2025-11-01_15-59-44-729,1761992984.7293358,images/image_2025-11-01_15-59-44-729_0218.jpg,0.073,0.1042,1.0066,-8.076,6.374,-3.214,102944.00,N/A,N/A,N/A,N/A,N/A,N/A,V
2025-11-01_15-59-45-232,1761992985.2325127,images/image_2025-11-01_15-59-45-232_0219.jpg,0.1641,0.177,1.126,0.366,3.626,-4.664,102945.00,N/A,N/A,N/A,N/A,N/A,N/A,V
2025-11-01_15-59-45-637,1761992985.6378055,images/image_2025-11-01_15-59-45-637_0220.jpg,0.0632,0.0925,0.864,19.878,16.901,1.519,102945.00,N/A,N/A,N/A,N/A,N/A,N/A,V
2025-11-01_15-59-46-086,1761992986.0863764,images/image_2025-11-01_15-59-46-086_0221.jpg,0.1299,0.1106,0.9897,-6.298,4.55,4.42,102946.00,N/A,N/A,N/A,N/A,N/A,N/A,V
2025-11-01_15-59-46-653,1761992986.6536622,images/image_2025-11-01_15-59-46-653_0222.jpg,0.0271,0.0886,1.0,-4.947,2.29,0.794,102946.00,N/A,N/A,N/A,N/A,N/A,N/A,V
2025-11-01_15-59-47-172,1761992987.1722238,images/image_2025-11-01_15-59-47-172_0223.jpg,0.019,0.1436,1.1177,5.191,22.695,-7.282,102947.00,N/A,N/A,N/A,N/A,N/A,N/A,V
2025-11-01_15-59-47-636,1761992987.6365552,images/image_2025-11-01_15-59-47-636_0224.jpg,0.0994,0.1365,1.0168,0.221,6.496,-9.718,102947.00,N/A,N/A,N/A,N/A,N/A,N/A,V
2025-11-01_15-59-48-098,1761992988.0981116,images/image_2025-11-01_15-59-48-098_0225.jpg,0.115,0.0916,0.9983,-1.275,2.939,0.84,102947.00,N/A,N/A,N/A,N/A,N/A,N/A,V
2025-11-01_15-59-48-632,1761992988.6327982,images/image_2025-11-01_15-59-48-632_0226.jpg,0.0481,0.1106,0.7976,-6.511,-23.718,-5.733,102948.00,N/A,N/A,N/A,N/A,N/A,N/A,V
2025-11-01_15-59-49-131,1761992989.131521,images/image_2025-11-01_15-59-49-131_0227.jpg,0.1841,0.1567,0.9919,-22.397,7.031,-12.748,102949.00,N/A,N/A,N/A,N/A,N/A,N/A,V
2025-11-01_15-59-49-571,1761992989.571609,images/image_2025-11-01_15-59-49-571_0228.jpg,0.0273,0.1121,1.0081,0.893,1.695,1.87,102949.00,N/A,N/A,N/A,N/A,N/A,N/A,V
2025-11-01_15-59-50-036,1761992990.0368416,images/image_2025-11-01_15-59-50-036_0229.jpg,0.0806,0.1545,0.9668,-2.702,1.855,1.053,102950.00,N/A,N/A,N/A,N/A,N/A,N/A,V
2025-11-01_15-59-50-539,1761992990.5400112,images/image_2025-11-01_15-59-50-539_0230.jpg,0.1355,0.1072,0.9851,-4.885,-10.443,5.214,102950.00,N/A,N/A,N/A,N/A,N/A,N/A,V
2025-11-01_15-59-51-049,1761992991.050031,images/image_2025-11-01_15-59-51-049_0231.jpg,0.1484,0.1306,1.033,-1.87,-4.695,-7.267,102951.00,N/A,N/A,N/A,N/A,N/A,N/A,V
2025-11-01_15-59-51-584,1761992991.5843325,images/image_2025-11-01_15-59-51-584_0232.jpg,0.0874,0.1631,1.0312,-11.908,-14.481,-8.427,102951.00,N/A,N/A,N/A,N/A,N/A,N/A,V
2025-11-01_15-59-52-030,1761992992.0304782,images/image_2025-11-01_15-59-52-030_0233.jpg,0.1084,0.1726,1.0737,-4.221,9.908,-10.489,102952.00,N/A,N/A,N/A,N/A,N/A,N/A,V
2025-11-01_15-59-52-489,1761992992.4900126,images/image_2025-11-01_15-59-52-489_0234.jpg,0.1111,0.1462,1.1804,0.748,25.87,-4.237,102952.00,N/A,N/A,N/A,N/A,N/A,N/A,V
2025-11-01_15-59-52-929,1761992992.9299743,images/image_2025-11-01_15-59-52-929_0235.jpg,0.137,0.1057,0.8506,-4.008,-29.87,-8.779,102952.00,N/A,N/A,N/A,N/A,N/A,N/A,V
2025-11-01_15-59-53-407,1761992993.4073076,images/image_2025-11-01_15-59-53-407_0236.jpg,0.1995,0.0955,0.9172,-8.252,6.672,-32.511,102953.00,N/A,N/A,N/A,N/A,N/A,N/A,V
2025-11-01_15-59-53-858,1761992993.8583677,images/image_2025-11-01_15-59-53-858_0237.jpg,0.2617,-0.0256,1.0715,-22.382,-39.55,19.511,102953.00,N/A,N/A,N/A,N/A,N/A,N/A,V
2025-11-01_15-59-54-337,1761992994.3373504,images/image_2025-11-01_15-59-54-337_0238.jpg,0.2842,0.157,1.0579,11.336,11.061,-9.053,102954.00,N/A,N/A,N/A,N/A,N/A,N/A,V
2025-11-01_15-59-54-830,1761992994.83033,images/image_2025-11-01_15-59-54-830_0239.jpg,0.2385,0.1377,0.9404,-17.092,-21.305,-11.412,102954.00,N/A,N/A,N/A,N/A,N/A,N/A,V
2025-11-01_15-59-55-258,1761992995.258926,images/image_2025-11-01_15-59-55-258_0240.jpg,0.1816,0.1497,1.0696,-19.405,-7.328,-15.885,102955.00,N/A,N/A,N/A,N/A,N/A,N/A,V
2025-11-01_15-59-55-674,1761992995.6748714,images/image_2025-11-01_15-59-55-674_0241.jpg,0.2039,0.1587,0.8445,-7.435,-19.183,-9.26,102955.00,N/A,N/A,N/A,N/A,N/A,N/A,V
2025-11-01_15-59-56-230,1761992996.230736,images/image_2025-11-01_15-59-56-230_0242.jpg,0.1975,0.1641,1.0537,5.542,-1.099,-22.924,102956.00,N/A,N/A,N/A,N/A,N/A,N/A,V
2025-11-01_15-59-56-739,1761992996.7393205,images/image_2025-11-01_15-59-56-739_0243.jpg,0.1785,0.1392,0.9541,4.183,6.252,-16.031,102956.00,N/A,N/A,N/A,N/A,N/A,N/A,V
2025-11-01_15-59-57-188,1761992997.1887522,images/image_2025-11-01_15-59-57-188_0244.jpg,0.2051,0.1331,1.0378,-9.42,5.214,-8.527,102957.00,N/A,N/A,N/A,N/A,N/A,N/A,V
2025-11-01_15-59-57-661,1761992997.661265,images/image_2025-11-01_15-59-57-661_0245.jpg,0.0759,0.0691,0.9749,-16.618,-12.786,4.977,102957.00,N/A,N/A,N/A,N/A,N/A,N/A,V
2025-11-01_15-59-58-099,1761992998.0993667,images/image_2025-11-01_15-59-58-099_0246.jpg,0.2756,0.1006,0.8865,-2.153,7.13,16.397,102958.00,N/A,N/A,N/A,N/A,N/A,N/A,V
2025-11-01_15-59-58-562,1761992998.5626848,images/image_2025-11-01_15-59-58-562_0247.jpg,0.2314,0.0796,0.9473,-12.588,-3.863,4.969,102958.00,N/A,N/A,N/A,N/A,N/A,N/A,V
2025-11-01_15-59-59-035,1761992999.0351255,images/image_2025-11-01_15-59-59-035_0248.jpg,0.166,-0.0049,0.9658,-33.321,8.42,8.481,102959.00,N/A,N/A,N/A,N/A,N/A,N/A,V
2025-11-01_15-59-59-519,1761992999.5199363,images/image_2025-11-01_15-59-59-519_0249.jpg,0.0908,0.03,1.1023,1.046,-4.107,-32.863,102959.00,N/A,N/A,N/A,N/A,N/A,N/A,V
2025-11-01_16-00-00-033,1761993000.033909,images/image_2025-11-01_16-00-00-033_0250.jpg,0.271,0.2024,0.9797,13.863,-33.87,-6.366,102959.00,N/A,N/A,N/A,N/A,N/A,N/A,V
2025-11-01_16-00-00-490,1761993000.4905794,images/image_2025-11-01_16-00-00-490_0251.jpg,0.2375,0.2002,0.9707,-47.893,2.206,-31.405,103000.00,N/A,N/A,N/A,N/A,N/A,N/A,V
2025-11-01_16-00-00-951,1761993000.9520712,images/image_2025-11-01_16-00-00-951_0252.jpg,0.1897,0.0527,0.8323,-1.725,-18.344,23.527,103000.00,N/A,N/A,N/A,N/A,N/A,N/A,V
2025-11-01_16-00-01-423,1761993001.4234388,images/image_2025-11-01_16-00-01-423_0253.jpg,0.1165,0.0474,1.0293,11.618,10.153,0.573,103001.00,N/A,N/A,N/A,N/A,N/A,N/A,V
2025-11-01_16-00-01-915,1761993001.9151907,images/image_2025-11-01_16-00-01-915_0254.jpg,0.0364,0.1377,1.0303,1.718,-8.481,-2.809,103001.00,N/A,N/A,N/A,N/A,N/A,N/A,V
2025-11-01_16-00-02-421,1761993002.4219866,images/image_2025-11-01_16-00-02-421_0255.jpg,0.1606,0.084,0.8533,-11.664,-7.87,6.473,103002.00,N/A,N/A,N/A,N/A,N/A,N/A,V
2025-11-01_16-00-02-876,1761993002.8762295,images/image_2025-11-01_16-00-02-876_0256.jpg,0.1396,0.1055,1.022,-19.336,1.191,5.771,103002.00,N/A,N/A,N/A,N/A,N/A,N/A,V
2025-11-01_16-00-03-351,1761993003.3515863,images/image_2025-11-01_16-00-03-351_0257.jpg,0.0947,0.1401,1.0105,-3.702,4.71,2.511,103003.00,N/A,N/A,N/A,N/A,N/A,N/A,V
2025-11-01_16-00-03-854,1761993003.8541627,images/image_2025-11-01_16-00-03-854_0258.jpg,0.0667,0.0815,0.9746,-5.168,-6.611,6.328,103003.00,N/A,N/A,N/A,N/A,N/A,N/A,V
2025-11-01_16-00-04-305,1761993004.305782,images/image_2025-11-01_16-00-04-305_0259.jpg,0.1958,0.2083,1.2029,-35.786,47.26,-14.718,103004.00,N/A,N/A,N/A,N/A,N/A,N/A,V
2025-11-01_16-00-04-834,1761993004.8345628,images/image_2025-11-01_16-00-04-834_0260.jpg,-0.0317,0.1167,0.9365,-9.122,17.008,-19.977,103004.00,N/A,N/A,N/A,N/A,N/A,N/A,V
2025-11-01_16-00-05-287,1761993005.2871652,images/image_2025-11-01_16-00-05-287_0261.jpg,-0.0015,0.0962,1.0215,0.244,11.053,-4.42,103005.00,N/A,N/A,N/A,N/A,N/A,N/A,V
2025-11-01_16-00-05-798,1761993005.7981117,images/image_2025-11-01_16-00-05-798_0262.jpg,0.0679,0.0686,0.9707,-0.641,-16.962,-0.038,103005.00,N/A,N/A,N/A,N/A,N/A,N/A,V
2025-11-01_16-00-06-286,1761993006.2869194,images/image_2025-11-01_16-00-06-286_0263.jpg,0.0283,0.1658,0.8926,6.458,-6.672,1.466,103006.00,N/A,N/A,N/A,N/A,N/A,N/A,V
2025-11-01_16-00-06-751,1761993006.7514918,images/image_2025-11-01_16-00-06-751_0264.jpg,0.0498,0.0938,1.1824,3.733,26.74,1.42,103006.00,N/A,N/A,N/A,N/A,N/A,N/A,V
2025-11-01_16-00-07-281,1761993007.2820451,images/image_2025-11-01_16-00-07-281_0265.jpg,0.0486,-0.0078,1.0286,-16.466,-13.076,0.466,103007.00,N/A,N/A,N/A,N/A,N/A,N/A,V
2025-11-01_16-00-07-769,1761993007.7694647,images/image_2025-11-01_16-00-07-769_0266.jpg,0.1028,0.0088,1.0881,-8.634,-12.641,3.641,103007.00,N/A,N/A,N/A,N/A,N/A,N/A,V
2025-11-01_16-00-08-252,1761993008.252541,images/image_2025-11-01_16-00-08-252_0267.jpg,0.0759,0.0645,0.896,-6.725,-13.481,-3.557,103008.00,N/A,N/A,N/A,N/A,N/A,N/A,V
2025-11-01_16-00-08-707,1761993008.7080936,images/image_2025-11-01_16-00-08-707_0268.jpg,0.157,0.0222,0.8955,-1.443,-5.168,1.176,103008.00,N/A,N/A,N/A,N/A,N/A,N/A,V
2025-11-01_16-00-09-214,1761993009.2145913,images/image_2025-11-01_16-00-09-214_0269.jpg,0.0669,0.1748,1.1243,8.969,10.947,3.626,103009.00,N/A,N/A,N/A,N/A,N/A,N/A,V
2025-11-01_16-00-09-690,1761993009.6909149,images/image_2025-11-01_16-00-09-690_0270.jpg,0.0369,0.0581,1.1045,-2.916,5.901,2.374,103009.00,N/A,N/A,N/A,N/A,N/A,N/A,V
2025-11-01_16-00-10-561,1761993010.5620904,images/image_2025-11-01_16-00-10-561_0271.jpg,-0.05,0.1182,1.0901,17.519,9.137,1.336,103010.00,N/A,N/A,N/A,N/A,N/A,N/A,V
2025-11-01_16-00-11-070,1761993011.0707746,images/image_2025-11-01_16-00-11-070_0272.jpg,0.1375,0.0894,0.855,-14.748,-8.74,-0.252,103011.00,N/A,N/A,N/A,N/A,N/A,N/A,V
2025-11-01_16-00-11-539,1761993011.5392995,images/image_2025-11-01_16-00-11-539_0273.jpg,0.0247,0.0737,1.0449,-8.313,-6.458,2.573,103011.00,N/A,N/A,N/A,N/A,N/A,N/A,V
2025-11-01_16-00-12-003,1761993012.0035875,images/image_2025-11-01_16-00-12-003_0274.jpg,0.0952,0.1255,0.9373,4.931,4.221,-1.817,103011.00,N/A,N/A,N/A,N/A,N/A,N/A,V
2025-11-01_16-00-12-549,1761993012.5494676,images/image_2025-11-01_16-00-12-549_0275.jpg,0.0005,0.0266,1.1692,10.641,19.053,-0.924,103012.00,N/A,N/A,N/A,N/A,N/A,N/A,V
2025-11-01_16-00-13-033,1761993013.0333817,images/image_2025-11-01_16-00-13-033_0276.jpg,0.0566,0.1511,1.0872,-11.939,2.496,0.992,103013.00,N/A,N/A,N/A,N/A,N/A,N/A,V
2025-11-01_16-00-13-525,1761993013.525951,images/image_2025-11-01_16-00-13-525_0277.jpg,0.1758,0.1248,1.0364,-38.481,-35.389,-1.992,103013.00,N/A,N/A,N/A,N/A,N/A,N/A,V
2025-11-01_16-00-13-995,1761993013.9955256,images/image_2025-11-01_16-00-13-995_0278.jpg,0.0908,-0.0085,0.9336,14.84,5.489,-7.885,103014.00,N/A,N/A,N/A,N/A,N/A,N/A,V
2025-11-01_16-00-14-476,1761993014.476293,images/image_2025-11-01_16-00-14-476_0279.jpg,0.0061,0.0955,1.0259,3.405,-3.901,-0.519,103014.00,N/A,N/A,N/A,N/A,N/A,N/A,V
2025-11-01_16-00-14-948,1761993014.9491124,images/image_2025-11-01_16-00-14-948_0280.jpg,0.1675,0.1404,1.0203,-7.832,-6.687,7.985,103014.00,N/A,N/A,N/A,N/A,N/A,N/A,V
2025-11-01_16-00-15-469,1761993015.469606,images/image_2025-11-01_16-00-15-469_0281.jpg,0.0977,0.1084,0.9326,2.237,5.695,-2.565,103015.00,N/A,N/A,N/A,N/A,N/A,N/A,V
2025-11-01_16-00-15-914,1761993015.9141223,images/image_2025-11-01_16-00-15-914_0282.jpg,0.0593,0.1006,1.0417,-4.099,-2.374,-3.634,103015.00,N/A,N/A,N/A,N/A,N/A,N/A,V
2025-11-01_16-00-16-382,1761993016.3825746,images/image_2025-11-01_16-00-16-382_0283.jpg,0.0413,0.1289,1.0308,-3.13,1.496,-8.366,103016.00,N/A,N/A,N/A,N/A,N/A,N/A,V
2025-11-01_16-00-16-793,1761993016.793937,images/image_2025-11-01_16-00-16-793_0284.jpg,-0.0496,0.1868,1.1509,-0.756,-12.916,-3.45,103016.00,N/A,N/A,N/A,N/A,N/A,N/A,V
2025-11-01_16-00-17-327,1761993017.3271728,images/image_2025-11-01_16-00-17-327_0285.jpg,0.0886,0.186,0.9749,18.802,-26.229,31.198,103017.00,N/A,N/A,N/A,N/A,N/A,N/A,V
2025-11-01_16-00-17-939,1761993017.9391234,images/image_2025-11-01_16-00-17-939_0286.jpg,0.1084,0.1147,0.877,10.634,-6.015,14.824,103017.00,N/A,N/A,N/A,N/A,N/A,N/A,V
2025-11-01_16-00-18-428,1761993018.4284728,images/image_2025-11-01_16-00-18-428_0287.jpg,0.0742,0.2024,1.0454,7.023,-3.29,0.481,103018.00,N/A,N/A,N/A,N/A,N/A,N/A,V
2025-11-01_16-00-18-897,1761993018.8977504,images/image_2025-11-01_16-00-18-897_0288.jpg,0.02,0.134,1.106,-2.832,9.13,28.45,103018.00,N/A,N/A,N/A,N/A,N/A,N/A,V
2025-11-01_16-00-19-369,1761993019.3695607,images/image_2025-11-01_16-00-19-369_0289.jpg,0.082,0.123,1.0884,-4.099,14.534,1.885,103019.00,N/A,N/A,N/A,N/A,N/A,N/A,V
2025-11-01_16-00-19-926,1761993019.9270976,images/image_2025-11-01_16-00-19-926_0290.jpg,0.0613,0.0652,1.0381,1.427,1.595,-2.092,103019.00,N/A,N/A,N/A,N/A,N/A,N/A,V
2025-11-01_16-00-20-596,1761993020.5964954,images/image_2025-11-01_16-00-20-596_0291.jpg,-0.064,0.2681,0.9294,-29.366,17.42,9.206,103020.00,N/A,N/A,N/A,N/A,N/A,N/A,V
2025-11-01_16-00-21-056,1761993021.0561695,images/image_2025-11-01_16-00-21-056_0292.jpg,-0.0305,0.1792,0.9617,-12.023,17.588,-6.947,103021.00,N/A,N/A,N/A,N/A,N/A,N/A,V
2025-11-01_16-00-21-507,1761993021.5079987,images/image_2025-11-01_16-00-21-507_0293.jpg,0.002,0.168,0.9307,-15.466,19.802,-4.802,103021.00,N/A,N/A,N/A,N/A,N/A,N/A,V
2025-11-01_16-00-21-979,1761993021.9795346,images/image_2025-11-01_16-00-21-979_0294.jpg,0.0576,0.2598,1.1067,-25.13,23.061,-11.573,103021.00,N/A,N/A,N/A,N/A,N/A,N/A,V
2025-11-01_16-00-22-391,1761993022.3911612,images/image_2025-11-01_16-00-22-391_0295.jpg,-0.2617,0.0137,0.8057,6.42,0.557,0.321,103022.00,N/A,N/A,N/A,N/A,N/A,N/A,V
2025-11-01_16-00-22-864,1761993022.8649764,images/image_2025-11-01_16-00-22-864_0296.jpg,0.3584,0.1794,1.436,3.42,-2.817,-2.053,103022.00,N/A,N/A,N/A,N/A,N/A,N/A,V
2025-11-01_16-00-23-272,1761993023.2723873,images/image_2025-11-01_16-00-23-272_0297.jpg,0.1504,0.1448,1.2219,-3.725,9.832,-6.992,103023.00,N/A,N/A,N/A,N/A,N/A,N/A,V
2025-11-01_16-00-23-762,1761993023.7625258,images/image_2025-11-01_16-00-23-762_0298.jpg,0.062,0.1204,1.0669,0.908,7.16,-11.908,103023.00,N/A,N/A,N/A,N/A,N/A,N/A,V
2025-11-01_16-00-24-269,1761993024.2695467,images/image_2025-11-01_16-00-24-269_0299.jpg,0.1089,0.1335,0.9377,-18.443,-6.618,-11.061,103024.00,N/A,N/A,N/A,N/A,N/A,N/A,V
2025-11-01_16-00-24-727,1761993024.727905,images/image_2025-11-01_16-00-24-727_0300.jpg,0.1079,0.0586,0.9407,-17.718,-15.847,12.573,103024.00,N/A,N/A,N/A,N/A,N/A,N/A,V
2025-11-01_16-00-25-286,1761993025.2865565,images/image_2025-11-01_16-00-25-286_0301.jpg,0.0149,0.136,0.9868,-0.328,-0.718,-8.679,103025.00,N/A,N/A,N/A,N/A,N/A,N/A,V
2025-11-01_16-00-25-754,1761993025.7542105,images/image_2025-11-01_16-00-25-754_0302.jpg,-0.0259,0.0686,1.0332,7.87,15.435,-3.374,103025.00,N/A,N/A,N/A,N/A,N/A,N/A,V
2025-11-01_16-00-26-392,1761993026.3929274,images/image_2025-11-01_16-00-26-392_0303.jpg,0.0623,0.1602,1.0127,-8.366,16.84,-4.229,103026.00,N/A,N/A,N/A,N/A,N/A,N/A,V
2025-11-01_16-00-26-863,1761993026.8632855,images/image_2025-11-01_16-00-26-863_0304.jpg,0.0928,0.082,1.0164,-17.733,0.221,7.466,103026.00,N/A,N/A,N/A,N/A,N/A,N/A,V
2025-11-01_16-00-27-419,1761993027.4199948,images/image_2025-11-01_16-00-27-419_0305.jpg,-0.1162,0.2051,1.1348,4.947,-12.221,7.321,103027.00,N/A,N/A,N/A,N/A,N/A,N/A,V
2025-11-01_16-00-27-840,1761993027.840668,images/image_2025-11-01_16-00-27-840_0306.jpg,-0.0122,0.1052,0.9658,-4.771,3.298,-0.336,103027.00,N/A,N/A,N/A,N/A,N/A,N/A,V
2025-11-01_16-00-28-341,1761993028.3419244,images/image_2025-11-01_16-00-28-341_0307.jpg,0.124,0.1167,0.937,-14.496,5.824,-11.489,103028.00,N/A,N/A,N/A,N/A,N/A,N/A,V
2025-11-01_16-00-28-985,1761993028.9857888,images/image_2025-11-01_16-00-28-985_0308.jpg,0.1003,0.0557,0.9822,-11.832,8.534,-2.916,103028.00,N/A,N/A,N/A,N/A,N/A,N/A,V
2025-11-01_16-00-29-444,1761993029.4450974,images/image_2025-11-01_16-00-29-444_0309.jpg,0.1064,0.0884,0.9377,10.16,-9.275,2.473,103029.00,N/A,N/A,N/A,N/A,N/A,N/A,V
2025-11-01_16-00-30-129,1761993030.1299293,images/image_2025-11-01_16-00-30-129_0310.jpg,0.0154,0.0508,1.0569,-13.252,-1.405,-17.84,103029.00,N/A,N/A,N/A,N/A,N/A,N/A,V
2025-11-01_16-00-30-625,1761993030.6257763,images/image_2025-11-01_16-00-30-625_0311.jpg,0.0327,0.093,1.0239,-2.107,-3.389,-20.725,103030.00,N/A,N/A,N/A,N/A,N/A,N/A,V
2025-11-01_16-00-31-087,1761993031.0872917,images/image_2025-11-01_16-00-31-087_0312.jpg,0.0237,0.1011,1.0728,-5.87,9.458,-36.756,103031.00,N/A,N/A,N/A,N/A,N/A,N/A,V
2025-11-01_16-00-31-569,1761993031.5692992,images/image_2025-11-01_16-00-31-569_0313.jpg,0.2749,0.051,0.9387,-15.214,-10.725,0.153,103031.00,N/A,N/A,N/A,N/A,N/A,N/A,V
2025-11-01_16-00-32-050,1761993032.050538,images/image_2025-11-01_16-00-32-050_0314.jpg,0.1628,0.0601,1.0059,-1.389,11.672,-21.802,103032.00,N/A,N/A,N/A,N/A,N/A,N/A,V
2025-11-01_16-00-32-541,1761993032.5411696,images/image_2025-11-01_16-00-32-541_0315.jpg,0.1965,0.0342,0.9966,-13.618,-10.153,-2.794,103032.00,N/A,N/A,N/A,N/A,N/A,N/A,V
2025-11-01_16-00-32-999,1761993032.9996066,images/image_2025-11-01_16-00-32-999_0316.jpg,0.1016,0.0608,0.9873,4.237,8.023,-14.603,103032.00,N/A,N/A,N/A,N/A,N/A,N/A,V
2025-11-01_16-00-33-499,1761993033.4992769,images/image_2025-11-01_16-00-33-499_0317.jpg,0.1104,0.0264,0.9905,-6.038,-0.489,-35.45,103033.00,N/A,N/A,N/A,N/A,N/A,N/A,V
2025-11-01_16-00-33-964,1761993033.9649613,images/image_2025-11-01_16-00-33-964_0318.jpg,0.0989,0.0349,0.9771,-6.412,-5.336,-10.267,103033.00,N/A,N/A,N/A,N/A,N/A,N/A,V
2025-11-01_16-00-34-444,1761993034.444173,images/image_2025-11-01_16-00-34-444_0319.jpg,0.0969,0.001,1.0151,-11.626,-2.634,-29.733,103034.00,N/A,N/A,N/A,N/A,N/A,N/A,V
2025-11-01_16-00-34-935,1761993034.9352252,images/image_2025-11-01_16-00-34-935_0320.jpg,0.3914,0.0813,0.8467,-30.855,-11.901,-39.366,103034.00,N/A,N/A,N/A,N/A,N/A,N/A,V
2025-11-01_16-00-35-393,1761993035.3932347,images/image_2025-11-01_16-00-35-393_0321.jpg,0.1836,0.1001,1.0266,-7.45,-3.16,-49.16,103035.00,N/A,N/A,N/A,N/A,N/A,N/A,V
2025-11-01_16-00-35-878,1761993035.8782945,images/image_2025-11-01_16-00-35-878_0322.jpg,0.3843,0.1228,1.0164,-13.641,-9.985,3.534,103035.00,N/A,N/A,N/A,N/A,N/A,N/A,V
2025-11-01_16-00-36-346,1761993036.3462484,images/image_2025-11-01_16-00-36-346_0323.jpg,0.0894,0.0933,0.9673,-5.374,23.527,-22.733,103036.00,N/A,N/A,N/A,N/A,N/A,N/A,V
2025-11-01_16-00-36-797,1761993036.797912,images/image_2025-11-01_16-00-36-797_0324.jpg,0.0649,0.0889,0.8889,-36.962,-2.221,-31.718,103036.00,N/A,N/A,N/A,N/A,N/A,N/A,V
2025-11-01_16-00-37-309,1761993037.309164,images/image_2025-11-01_16-00-37-309_0325.jpg,0.1106,0.0339,0.9661,-84.649,-17.802,-16.924,103037.00,N/A,N/A,N/A,N/A,N/A,N/A,V
2025-11-01_16-00-37-809,1761993037.8096087,images/image_2025-11-01_16-00-37-809_0326.jpg,0.124,0.0947,0.875,2.481,21.107,6.962,103037.00,N/A,N/A,N/A,N/A,N/A,N/A,V
2025-11-01_16-00-38-270,1761993038.2707126,images/image_2025-11-01_16-00-38-270_0327.jpg,0.1038,0.137,0.8091,-54.29,20.618,-18.656,103038.00,N/A,N/A,N/A,N/A,N/A,N/A,V
2025-11-01_16-00-38-850,1761993038.8504052,images/image_2025-11-01_16-00-38-850_0328.jpg,0.157,0.0872,0.8931,-6.534,-5.55,-3.656,103038.00,N/A,N/A,N/A,N/A,N/A,N/A,V
2025-11-01_16-00-39-426,1761993039.4265397,images/image_2025-11-01_16-00-39-426_0329.jpg,0.1399,0.0574,0.9724,-13.969,10.344,-8.794,103039.00,N/A,N/A,N/A,N/A,N/A,N/A,V
2025-11-01_16-00-39-959,1761993039.9591827,images/image_2025-11-01_16-00-39-959_0330.jpg,0.187,0.1345,0.9065,13.206,-21.168,4.519,103039.00,N/A,N/A,N/A,N/A,N/A,N/A,V
2025-11-01_16-00-40-460,1761993040.4606256,images/image_2025-11-01_16-00-40-460_0331.jpg,0.1252,0.1208,0.9595,-16.893,-3.947,13.664,103040.00,N/A,N/A,N/A,N/A,N/A,N/A,V
2025-11-01_16-00-40-901,1761993040.9012187,images/image_2025-11-01_16-00-40-901_0332.jpg,0.0903,0.0652,1.0269,0.718,1.29,9.595,103040.00,N/A,N/A,N/A,N/A,N/A,N/A,V
2025-11-01_16-00-41-345,1761993041.3453982,images/image_2025-11-01_16-00-41-345_0333.jpg,-0.0093,0.0127,0.792,3.252,-1.992,3.13,103041.00,N/A,N/A,N/A,N/A,N/A,N/A,V
2025-11-01_16-00-41-762,1761993041.762139,images/image_2025-11-01_16-00-41-762_0334.jpg,0.0413,0.1145,1.1306,-3.122,16.611,7.496,103041.00,N/A,N/A,N/A,N/A,N/A,N/A,V
2025-11-01_16-00-42-278,1761993042.2787755,images/image_2025-11-01_16-00-42-278_0335.jpg,0.0959,0.1262,1.1287,1.84,-56.695,-16.969,103042.00,N/A,N/A,N/A,N/A,N/A,N/A,V
2025-11-01_16-00-42-733,1761993042.7337945,images/image_2025-11-01_16-00-42-733_0336.jpg,-0.0024,0.0139,1.1484,8.061,1.817,28.603,103042.00,N/A,N/A,N/A,N/A,N/A,N/A,V
2025-11-01_16-00-43-200,1761993043.2002354,images/image_2025-11-01_16-00-43-200_0337.jpg,0.3411,-0.0789,1.2627,-11.107,28.435,-40.496,103043.00,N/A,N/A,N/A,N/A,N/A,N/A,V
2025-11-01_16-00-43-694,1761993043.6945949,images/image_2025-11-01_16-00-43-694_0338.jpg,0.1387,0.0642,0.9822,-5.573,27.29,-13.168,103043.00,N/A,N/A,N/A,N/A,N/A,N/A,V
2025-11-01_16-00-44-171,1761993044.1719768,images/image_2025-11-01_16-00-44-171_0339.jpg,0.0161,-0.0686,0.6951,-6.046,6.076,26.137,103044.00,N/A,N/A,N/A,N/A,N/A,N/A,V
2025-11-01_16-00-44-624,1761993044.6243286,images/image_2025-11-01_16-00-44-624_0340.jpg,0.2434,-0.0078,0.7292,-1.42,9.26,17.305,103044.00,N/A,N/A,N/A,N/A,N/A,N/A,V
2025-11-01_16-00-45-122,1761993045.122977,images/image_2025-11-01_16-00-45-122_0341.jpg,0.4409,0.1206,0.9207,9.557,-2.298,5.55,103045.00,N/A,N/A,N/A,N/A,N/A,N/A,V
2025-11-01_16-00-45-609,1761993045.6095364,images/image_2025-11-01_16-00-45-609_0342.jpg,0.2405,0.2148,0.9045,3.16,21.565,-36.412,103045.00,N/A,N/A,N/A,N/A,N/A,N/A,V
2025-11-01_16-00-46-200,1761993046.2003133,images/image_2025-11-01_16-00-46-200_0343.jpg,0.196,0.0547,0.603,-18.542,-0.481,3.87,103046.00,N/A,N/A,N/A,N/A,N/A,N/A,V
2025-11-01_16-00-46-641,1761993046.6420124,images/image_2025-11-01_16-00-46-641_0344.jpg,0.0015,0.321,1.0901,-16.969,-20.267,12.359,103046.00,N/A,N/A,N/A,N/A,N/A,N/A,V
2025-11-01_16-00-47-109,1761993047.109451,images/image_2025-11-01_16-00-47-109_0345.jpg,0.2036,0.2327,0.9475,-13.947,-6.786,28.725,103047.00,N/A,N/A,N/A,N/A,N/A,N/A,V
2025-11-01_16-00-47-530,1761993047.5302749,images/image_2025-11-01_16-00-47-530_0346.jpg,0.1504,0.1511,1.126,12.817,10.878,5.038,103047.00,N/A,N/A,N/A,N/A,N/A,N/A,V
2025-11-01_16-00-47-992,1761993047.992882,images/image_2025-11-01_16-00-47-992_0347.jpg,0.1494,0.2925,0.9331,33.168,4.252,15.084,103047.00,N/A,N/A,N/A,N/A,N/A,N/A,V
2025-11-01_16-00-48-538,1761993048.5388696,images/image_2025-11-01_16-00-48-538_0348.jpg,0.0718,0.1458,1.0112,-16.366,18.221,-9.397,103048.00,N/A,N/A,N/A,N/A,N/A,N/A,V
2025-11-01_16-00-49-078,1761993049.0783505,images/image_2025-11-01_16-00-49-078_0349.jpg,-0.0347,0.1887,1.158,-8.344,19.931,-6.244,103049.00,N/A,N/A,N/A,N/A,N/A,N/A,V
2025-11-01_16-00-49-627,1761993049.6275477,images/image_2025-11-01_16-00-49-627_0350.jpg,-0.0618,0.0986,0.7593,-25.214,12.359,-7.557,103049.00,N/A,N/A,N/A,N/A,N/A,N/A,V
2025-11-01_16-00-50-073,1761993050.0736966,images/image_2025-11-01_16-00-50-073_0351.jpg,0.0386,0.1711,0.8535,-6.817,-16.275,13.229,103050.00,N/A,N/A,N/A,N/A,N/A,N/A,V
2025-11-01_16-00-50-551,1761993050.5518606,images/image_2025-11-01_16-00-50-551_0352.jpg,0.0352,0.1096,1.0327,17.099,8.87,2.809,103050.00,N/A,N/A,N/A,N/A,N/A,N/A,V
2025-11-01_16-00-51-049,1761993051.0497088,images/image_2025-11-01_16-00-51-049_0353.jpg,0.0269,0.0986,0.9187,6.405,-2.45,19.092,103051.00,N/A,N/A,N/A,N/A,N/A,N/A,V
2025-11-01_16-00-51-501,1761993051.5017254,images/image_2025-11-01_16-00-51-501_0354.jpg,0.0437,0.1042,0.8726,-39.519,-8.962,-18.58,103051.00,N/A,N/A,N/A,N/A,N/A,N/A,V
2025-11-01_16-00-52-010,1761993052.01071,images/image_2025-11-01_16-00-52-010_0355.jpg,0.0339,0.0752,1.2539,-9.931,-11.046,5.053,103052.00,N/A,N/A,N/A,N/A,N/A,N/A,V
2025-11-01_16-00-52-484,1761993052.4850688,images/image_2025-11-01_16-00-52-484_0356.jpg,-0.135,0.177,1.0178,-9.611,-8.412,20.649,103052.00,N/A,N/A,N/A,N/A,N/A,N/A,V
2025-11-01_16-00-52-963,1761993052.96368,images/image_2025-11-01_16-00-52-963_0357.jpg,0.0027,0.103,0.9624,-14.191,6.328,13.687,103052.00,N/A,N/A,N/A,N/A,N/A,N/A,V
2025-11-01_16-00-53-453,1761993053.4538536,images/image_2025-11-01_16-00-53-453_0358.jpg,-0.0903,0.1663,1.0183,2.214,-7.115,4.13,103053.00,N/A,N/A,N/A,N/A,N/A,N/A,V
2025-11-01_16-00-53-930,1761993053.9306273,images/image_2025-11-01_16-00-53-930_0359.jpg,0.0593,0.137,1.179,-19.649,19.351,-42.481,103053.00,N/A,N/A,N/A,N/A,N/A,N/A,V
2025-11-01_16-00-54-568,1761993054.5690289,images/image_2025-11-01_16-00-54-568_0360.jpg,-0.074,0.1672,0.666,-28.687,26.985,12.481,103054.00,N/A,N/A,N/A,N/A,N/A,N/A,V
2025-11-01_16-00-55-028,1761993055.0286882,images/image_2025-11-01_16-00-55-028_0361.jpg,0.0586,0.0491,0.8772,-0.183,-7.863,-2.794,103055.00,N/A,N/A,N/A,N/A,N/A,N/A,V
2025-11-01_16-00-55-538,1761993055.5384767,images/image_2025-11-01_16-00-55-538_0362.jpg,0.0435,0.0886,0.9702,1.252,-10.076,-1.206,103055.00,N/A,N/A,N/A,N/A,N/A,N/A,V
2025-11-01_16-00-56-112,1761993056.1127768,images/image_2025-11-01_16-00-56-112_0363.jpg,0.0366,0.1128,0.9683,-5.519,-4.786,-0.824,103056.00,N/A,N/A,N/A,N/A,N/A,N/A,V
2025-11-01_16-00-56-557,1761993056.5576217,images/image_2025-11-01_16-00-56-557_0364.jpg,-0.0051,0.0999,0.9905,-9.443,1.962,1.771,103056.00,N/A,N/A,N/A,N/A,N/A,N/A,V
2025-11-01_16-00-57-055,1761993057.0554955,images/image_2025-11-01_16-00-57-055_0365.jpg,0.1272,0.0942,0.9592,-4.618,-13.237,-0.954,103057.00,N/A,N/A,N/A,N/A,N/A,N/A,V
2025-11-01_16-00-57-606,1761993057.6066682,images/image_2025-11-01_16-00-57-606_0366.jpg,0.0349,0.144,1.0212,-11.244,-1.496,-4.26,103057.00,N/A,N/A,N/A,N/A,N/A,N/A,V
2025-11-01_16-00-58-011,1761993058.0119216,images/image_2025-11-01_16-00-58-011_0367.jpg,0.0913,0.1113,0.8711,-7.863,7.183,4.878,103058.00,N/A,N/A,N/A,N/A,N/A,N/A,V
2025-11-01_16-00-58-642,1761993058.6429386,images/image_2025-11-01_16-00-58-642_0368.jpg,0.0808,0.1108,1.0291,-21.107,2.634,9.305,103058.00,N/A,N/A,N/A,N/A,N/A,N/A,V
2025-11-01_16-00-59-118,1761993059.1181972,images/image_2025-11-01_16-00-59-118_0369.jpg,0.2239,0.0845,0.8445,2.962,-22.237,19.298,103059.00,N/A,N/A,N/A,N/A,N/A,N/A,V
2025-11-01_16-00-59-609,1761993059.6100194,images/image_2025-11-01_16-00-59-609_0370.jpg,0.0603,0.1489,0.9111,1.824,7.649,-0.557,103059.00,N/A,N/A,N/A,N/A,N/A,N/A,V
2025-11-01_16-01-00-077,1761993060.077424,images/image_2025-11-01_16-01-00-077_0371.jpg,0.0581,0.1284,1.0332,-11.733,-0.802,-5.527,103059.00,N/A,N/A,N/A,N/A,N/A,N/A,V
2025-11-01_16-01-00-598,1761993060.5988326,images/image_2025-11-01_16-01-00-598_0372.jpg,0.0044,0.0828,1.1628,-12.55,0.061,-9.725,103100.00,N/A,N/A,N/A,N/A,N/A,N/A,V
2025-11-01_16-01-01-033,1761993061.0334027,images/image_2025-11-01_16-01-01-033_0373.jpg,-0.0706,0.2278,0.8923,8.412,-16.137,-16.817,103101.00,N/A,N/A,N/A,N/A,N/A,N/A,V
2025-11-01_16-01-01-524,1761993061.5248907,images/image_2025-11-01_16-01-01-524_0374.jpg,-0.0518,0.217,1.0654,24.58,25.443,-4.237,103101.00,N/A,N/A,N/A,N/A,N/A,N/A,V
2025-11-01_16-01-02-249,1761993062.2492902,images/image_2025-11-01_16-01-02-249_0375.jpg,0.0474,0.3977,0.7964,10.023,-17.809,-15.679,103102.00,N/A,N/A,N/A,N/A,N/A,N/A,V
2025-11-01_16-01-02-720,1761993062.7207386,images/image_2025-11-01_16-01-02-720_0376.jpg,-0.0461,0.2258,0.9626,-9.771,-25.534,5.985,103102.00,N/A,N/A,N/A,N/A,N/A,N/A,V
2025-11-01_16-01-03-244,1761993063.2444613,images/image_2025-11-01_16-01-03-244_0377.jpg,0.1963,0.1777,0.9197,-23.366,10.931,-19.168,103103.00,N/A,N/A,N/A,N/A,N/A,N/A,V
2025-11-01_16-01-03-685,1761993063.6852536,images/image_2025-11-01_16-01-03-685_0378.jpg,-0.0771,0.0779,1.0361,4.924,41.069,-7.771,103103.00,N/A,N/A,N/A,N/A,N/A,N/A,V
2025-11-01_16-01-04-199,1761993064.2000098,images/image_2025-11-01_16-01-04-199_0379.jpg,0.1216,0.1641,1.1697,-1.664,35.382,-21.092,103104.00,N/A,N/A,N/A,N/A,N/A,N/A,V
2025-11-01_16-01-04-723,1761993064.7239203,images/image_2025-11-01_16-01-04-723_0380.jpg,0.0068,0.2197,0.9604,0.71,5.084,22.412,103104.00,N/A,N/A,N/A,N/A,N/A,N/A,V
2025-11-01_16-01-05-195,1761993065.1953542,images/image_2025-11-01_16-01-05-195_0381.jpg,-0.1409,0.1055,0.6621,-5.137,51.321,-17.389,103105.00,N/A,N/A,N/A,N/A,N/A,N/A,V
2025-11-01_16-01-05-676,1761993065.6769571,images/image_2025-11-01_16-01-05-676_0382.jpg,0.0564,0.2092,0.9861,-16.328,-24.458,0.115,103105.00,N/A,N/A,N/A,N/A,N/A,N/A,V
2025-11-01_16-01-06-165,1761993066.1657767,images/image_2025-11-01_16-01-06-165_0383.jpg,-0.0232,0.2317,0.8804,0.229,20.321,-30.046,103105.00,N/A,N/A,N/A,N/A,N/A,N/A,V
2025-11-01_16-01-06-658,1761993066.6581638,images/image_2025-11-01_16-01-06-658_0384.jpg,-0.0361,0.199,0.9231,2.046,-9.824,-0.725,103106.00,N/A,N/A,N/A,N/A,N/A,N/A,V
2025-11-01_16-01-07-209,1761993067.209626,images/image_2025-11-01_16-01-07-209_0385.jpg,0.0537,0.1965,1.0281,6.412,5.733,-6.519,103107.00,N/A,N/A,N/A,N/A,N/A,N/A,V
2025-11-01_16-01-07-681,1761993067.6814294,images/image_2025-11-01_16-01-07-681_0386.jpg,-0.0488,0.1699,0.9812,-6.542,-2.931,-10.901,103107.00,N/A,N/A,N/A,N/A,N/A,N/A,V
2025-11-01_16-01-08-171,1761993068.1713138,images/image_2025-11-01_16-01-08-171_0387.jpg,-0.083,0.2915,0.8057,2.115,0.214,-2.336,103108.00,N/A,N/A,N/A,N/A,N/A,N/A,V
2025-11-01_16-01-08-619,1761993068.6194842,images/image_2025-11-01_16-01-08-619_0388.jpg,0.0327,0.3223,0.9124,-10.695,-0.809,7.122,103108.00,N/A,N/A,N/A,N/A,N/A,N/A,V
2025-11-01_16-01-09-034,1761993069.034578,images/image_2025-11-01_16-01-09-034_0389.jpg,-0.0701,0.3,0.8264,0.985,-5.099,12.336,103109.00,N/A,N/A,N/A,N/A,N/A,N/A,V
2025-11-01_16-01-09-506,1761993069.5063734,images/image_2025-11-01_16-01-09-506_0390.jpg,-0.0496,0.1843,0.9851,-12.802,-2.794,6.878,103109.00,N/A,N/A,N/A,N/A,N/A,N/A,V
2025-11-01_16-01-09-990,1761993069.990496,images/image_2025-11-01_16-01-09-990_0391.jpg,-0.0415,0.1428,1.0366,12.519,-2.573,19.29,103109.00,N/A,N/A,N/A,N/A,N/A,N/A,V
2025-11-01_16-01-10-479,1761993070.479472,images/image_2025-11-01_16-01-10-479_0392.jpg,-0.0454,0.1978,0.9067,6.321,3.046,4.916,103110.00,N/A,N/A,N/A,N/A,N/A,N/A,V
2025-11-01_16-01-10-961,1761993070.9616203,images/image_2025-11-01_16-01-10-961_0393.jpg,0.0708,0.1943,1.0352,-0.122,4.817,8.794,103110.00,N/A,N/A,N/A,N/A,N/A,N/A,V
2025-11-01_16-01-11-440,1761993071.4402797,images/image_2025-11-01_16-01-11-440_0394.jpg,0.0391,0.1223,1.0564,-7.466,7.779,-4.008,103111.00,N/A,N/A,N/A,N/A,N/A,N/A,V
2025-11-01_16-01-11-981,1761993071.981933,images/image_2025-11-01_16-01-11-981_0395.jpg,-0.0291,0.1523,1.0544,1.939,9.305,8.26,103111.00,N/A,N/A,N/A,N/A,N/A,N/A,V
2025-11-01_16-01-12-440,1761993072.4403753,images/image_2025-11-01_16-01-12-440_0396.jpg,0.0188,0.1494,1.0654,-3.824,9.863,-0.237,103112.00,N/A,N/A,N/A,N/A,N/A,N/A,V
2025-11-01_16-01-12-865,1761993072.865612,images/image_2025-11-01_16-01-12-865_0397.jpg,0.0193,0.1921,0.9573,0.481,1.351,-5.183,103112.00,N/A,N/A,N/A,N/A,N/A,N/A,V
2025-11-01_16-01-13-378,1761993073.378511,images/image_2025-11-01_16-01-13-378_0398.jpg,-0.0371,0.2466,1.0378,4.679,5.321,-4.298,103113.00,N/A,N/A,N/A,N/A,N/A,N/A,V
2025-11-01_16-01-13-776,1761993073.7763028,images/image_2025-11-01_16-01-13-776_0399.jpg,-0.1436,0.2417,1.0034,2.351,16.725,11.702,103113.00,N/A,N/A,N/A,N/A,N/A,N/A,V
2025-11-01_16-01-14-269,1761993074.2694178,images/image_2025-11-01_16-01-14-269_0400.jpg,0.0256,0.0645,0.926,-2.588,-7.374,17.115,103114.00,N/A,N/A,N/A,N/A,N/A,N/A,V
2025-11-01_16-01-14-748,1761993074.7482243,images/image_2025-11-01_16-01-14-748_0401.jpg,-0.0093,0.0691,0.8398,-23.649,3.229,-20.794,103114.00,N/A,N/A,N/A,N/A,N/A,N/A,V
2025-11-01_16-01-15-365,1761993075.3659527,images/image_2025-11-01_16-01-15-365_0402.jpg,0.0608,0.4084,1.2026,-15.817,-20.191,-18.855,103115.00,N/A,N/A,N/A,N/A,N/A,N/A,V
2025-11-01_16-01-15-835,1761993075.8354936,images/image_2025-11-01_16-01-15-835_0403.jpg,0.0842,0.092,1.0833,-28.863,0.855,23.084,103115.00,N/A,N/A,N/A,N/A,N/A,N/A,V
2025-11-01_16-01-16-302,1761993076.3025384,images/image_2025-11-01_16-01-16-302_0404.jpg,0.1162,0.1443,1.094,-8.771,-0.206,-21.519,103116.00,N/A,N/A,N/A,N/A,N/A,N/A,V
2025-11-01_16-01-16-860,1761993076.861045,images/image_2025-11-01_16-01-16-860_0405.jpg,0.1226,0.1809,0.8955,-11.641,-19.16,20.336,103116.00,N/A,N/A,N/A,N/A,N/A,N/A,V
2025-11-01_16-01-17-447,1761993077.4477942,images/image_2025-11-01_16-01-17-447_0406.jpg,-0.0339,0.1899,0.9546,-9.725,-1.634,-0.405,103117.00,N/A,N/A,N/A,N/A,N/A,N/A,V
2025-11-01_16-01-17-940,1761993077.9406943,images/image_2025-11-01_16-01-17-940_0407.jpg,0.0034,0.1033,0.98,11.198,27.466,20.069,103117.00,N/A,N/A,N/A,N/A,N/A,N/A,V
2025-11-01_16-01-18-419,1761993078.419425,images/image_2025-11-01_16-01-18-419_0408.jpg,0.0063,0.0903,0.9678,-9.427,4.702,-1.244,103118.00,N/A,N/A,N/A,N/A,N/A,N/A,V
2025-11-01_16-01-18-881,1761993078.8815317,images/image_2025-11-01_16-01-18-881_0409.jpg,0.0095,0.0977,0.9541,-10.168,2.26,0.168,103118.00,N/A,N/A,N/A,N/A,N/A,N/A,V
2025-11-01_16-01-19-397,1761993079.3971155,images/image_2025-11-01_16-01-19-397_0410.jpg,0.0059,0.0881,1.0913,-9.679,4.656,6.756,103119.00,N/A,N/A,N/A,N/A,N/A,N/A,V
2025-11-01_16-01-19-825,1761993079.8258994,images/image_2025-11-01_16-01-19-825_0411.jpg,0.0371,0.0603,0.8999,-4.061,-20.649,20.725,103119.00,N/A,N/A,N/A,N/A,N/A,N/A,V
2025-11-01_16-01-20-315,1761993080.315197,images/image_2025-11-01_16-01-20-315_0412.jpg,-0.052,0.1538,0.9875,-19.45,-24.527,21.55,103120.00,N/A,N/A,N/A,N/A,N/A,N/A,V
2025-11-01_16-01-20-723,1761993080.724033,images/image_2025-11-01_16-01-20-723_0413.jpg,-0.1228,0.0557,1.0022,-19.244,-46.992,26.725,103120.00,N/A,N/A,N/A,N/A,N/A,N/A,V
2025-11-01_16-01-21-233,1761993081.233723,images/image_2025-11-01_16-01-21-233_0414.jpg,-0.1646,0.1379,1.0972,19.046,-1.145,31.481,103121.00,N/A,N/A,N/A,N/A,N/A,N/A,V
2025-11-01_16-01-21-670,1761993081.6704855,images/image_2025-11-01_16-01-21-670_0415.jpg,0.0339,0.0332,1.0403,2.084,-4.901,26.931,103121.00,N/A,N/A,N/A,N/A,N/A,N/A,V
2025-11-01_16-01-22-236,1761993082.2368586,images/image_2025-11-01_16-01-22-236_0416.jpg,0.1079,-0.0476,0.9597,-9.092,6.947,7.153,103122.00,N/A,N/A,N/A,N/A,N/A,N/A,V
2025-11-01_16-01-22-976,1761993082.9762182,images/image_2025-11-01_16-01-22-976_0417.jpg,0.0769,0.1074,1.0691,7.26,0.076,33.901,103122.00,N/A,N/A,N/A,N/A,N/A,N/A,V
2025-11-01_16-01-23-473,1761993083.473972,images/image_2025-11-01_16-01-23-473_0418.jpg,0.0459,0.1326,1.0415,2.107,-7.489,4.466,103123.00,N/A,N/A,N/A,N/A,N/A,N/A,V
2025-11-01_16-01-24-022,1761993084.0223331,images/image_2025-11-01_16-01-24-022_0419.jpg,0.0371,0.1514,1.0234,0.031,10.725,2.832,103123.00,N/A,N/A,N/A,N/A,N/A,N/A,V
2025-11-01_16-01-24-645,1761993084.6452398,images/image_2025-11-01_16-01-24-645_0420.jpg,-0.0024,0.0298,1.0125,-0.626,-3.649,2.672,103124.00,N/A,N/A,N/A,N/A,N/A,N/A,V
2025-11-01_16-01-25-111,1761993085.1120033,images/image_2025-11-01_16-01-25-111_0421.jpg,0.019,0.0842,0.9653,6.229,-15.221,1.809,103125.00,N/A,N/A,N/A,N/A,N/A,N/A,V
2025-11-01_16-01-25-648,1761993085.6489844,images/image_2025-11-01_16-01-25-648_0422.jpg,0.0276,0.106,0.9851,-8.198,0.542,-10.389,103125.00,N/A,N/A,N/A,N/A,N/A,N/A,V
2025-11-01_16-01-26-084,1761993086.0849316,images/image_2025-11-01_16-01-26-084_0423.jpg,-0.0371,0.1084,0.9111,-20.092,6.16,-12.29,103126.00,N/A,N/A,N/A,N/A,N/A,N/A,V
2025-11-01_16-01-26-554,1761993086.554451,images/image_2025-11-01_16-01-26-554_0424.jpg,-0.0247,0.0757,1.0166,-4.634,4.344,1.053,103126.00,N/A,N/A,N/A,N/A,N/A,N/A,V
2025-11-01_16-01-27-054,1761993087.054916,images/image_2025-11-01_16-01-27-054_0425.jpg,0.0193,0.0371,0.9666,-6.015,2.947,5.542,103127.00,N/A,N/A,N/A,N/A,N/A,N/A,V
2025-11-01_16-01-27-528,1761993087.5285947,images/image_2025-11-01_16-01-27-528_0426.jpg,0.0293,0.0791,0.905,-14.985,-21.992,-7.679,103127.00,N/A,N/A,N/A,N/A,N/A,N/A,V
2025-11-01_16-01-28-078,1761993088.0781999,images/image_2025-11-01_16-01-28-078_0427.jpg,-0.0393,0.1052,0.9709,-1.137,9.473,10.084,103128.00,N/A,N/A,N/A,N/A,N/A,N/A,V
2025-11-01_16-01-28-598,1761993088.5982459,images/image_2025-11-01_16-01-28-598_0428.jpg,0.0283,0.1179,0.9646,4.565,-9.588,5.527,103128.00,N/A,N/A,N/A,N/A,N/A,N/A,V
2025-11-01_16-01-29-017,1761993089.0174265,images/image_2025-11-01_16-01-29-017_0429.jpg,-0.0295,0.1321,0.9246,-8.458,-7.931,-11.153,103129.00,N/A,N/A,N/A,N/A,N/A,N/A,V
2025-11-01_16-01-29-449,1761993089.4497938,images/image_2025-11-01_16-01-29-449_0430.jpg,0.0366,0.1392,1.0908,5.542,7.466,5.206,103129.00,N/A,N/A,N/A,N/A,N/A,N/A,V
2025-11-01_16-01-30-145,1761993090.1457882,images/image_2025-11-01_16-01-30-145_0431.jpg,0.0969,-0.0471,1.0149,-26.939,0.237,-39.382,103129.00,N/A,N/A,N/A,N/A,N/A,N/A,V
2025-11-01_16-01-30-617,1761993090.6176066,images/image_2025-11-01_16-01-30-617_0432.jpg,-0.1145,0.2493,1.0496,10.435,20.282,-74.344,103130.00,N/A,N/A,N/A,N/A,N/A,N/A,V
2025-11-01_16-01-31-051,1761993091.0515265,images/image_2025-11-01_16-01-31-051_0433.jpg,-0.2764,0.3352,0.7336,23.366,-22.557,-62.55,103131.00,N/A,N/A,N/A,N/A,N/A,N/A,V
2025-11-01_16-01-31-542,1761993091.5428498,images/image_2025-11-01_16-01-31-542_0434.jpg,-0.2278,0.2576,0.9089,18.756,2.122,-24.481,103131.00,N/A,N/A,N/A,N/A,N/A,N/A,V
2025-11-01_16-01-31-981,1761993091.9811437,images/image_2025-11-01_16-01-31-981_0435.jpg,-0.4089,0.0386,0.9834,-5.153,5.779,12.229,103131.00,N/A,N/A,N/A,N/A,N/A,N/A,V
2025-11-01_16-01-32-553,1761993092.553705,images/image_2025-11-01_16-01-32-553_0436.jpg,-0.1902,0.1267,0.8918,19.191,-12.878,6.206,103132.00,N/A,N/A,N/A,N/A,N/A,N/A,V
2025-11-01_16-01-33-057,1761993093.0572767,images/image_2025-11-01_16-01-33-057_0437.jpg,-0.2581,-0.0051,1.114,13.489,0.824,4.618,103133.00,N/A,N/A,N/A,N/A,N/A,N/A,V
2025-11-01_16-01-33-513,1761993093.5134356,images/image_2025-11-01_16-01-33-513_0438.jpg,-0.1814,0.0627,0.9441,1.008,2.656,-0.802,103133.00,N/A,N/A,N/A,N/A,N/A,N/A,V
2025-11-01_16-01-33-979,1761993093.979409,images/image_2025-11-01_16-01-33-979_0439.jpg,-0.3518,0.1292,1.0046,-3.649,-6.137,8.519,103133.00,N/A,N/A,N/A,N/A,N/A,N/A,V
2025-11-01_16-01-34-412,1761993094.4128416,images/image_2025-11-01_16-01-34-412_0440.jpg,-0.0686,0.1418,0.9648,7.656,9.832,7.718,103134.00,N/A,N/A,N/A,N/A,N/A,N/A,V
2025-11-01_16-01-34-869,1761993094.8691795,images/image_2025-11-01_16-01-34-869_0441.jpg,-0.2471,0.1011,0.9216,2.481,-15.107,-10.916,103134.00,N/A,N/A,N/A,N/A,N/A,N/A,V
2025-11-01_16-01-35-341,1761993095.3414075,images/image_2025-11-01_16-01-35-341_0442.jpg,-0.2388,0.4329,1.6931,8.626,-28.664,141.366,103135.00,N/A,N/A,N/A,N/A,N/A,N/A,V
2025-11-01_16-01-35-837,1761993095.8378303,images/image_2025-11-01_16-01-35-837_0443.jpg,-0.0981,0.4187,1.0913,-1.954,-8.176,-12.962,103135.00,N/A,N/A,N/A,N/A,N/A,N/A,V
2025-11-01_16-01-36-317,1761993096.3179512,images/image_2025-11-01_16-01-36-317_0444.jpg,-0.1399,0.2686,0.9431,-26.137,15.962,32.939,103136.00,N/A,N/A,N/A,N/A,N/A,N/A,V
2025-11-01_16-01-36-747,1761993096.7476437,images/image_2025-11-01_16-01-36-747_0445.jpg,-0.0591,0.2065,1.0308,-42.702,-32.229,25.824,103136.00,N/A,N/A,N/A,N/A,N/A,N/A,V
2025-11-01_16-01-37-305,1761993097.3053515,images/image_2025-11-01_16-01-37-305_0446.jpg,-0.1602,0.1616,1.0613,-10.687,12.351,-4.389,103137.00,N/A,N/A,N/A,N/A,N/A,N/A,V
2025-11-01_16-01-37-784,1761993097.7846642,images/image_2025-11-01_16-01-37-784_0447.jpg,-0.0427,0.1284,0.9915,3.168,-12.649,5.031,103137.00,N/A,N/A,N/A,N/A,N/A,N/A,V
2025-11-01_16-01-38-268,1761993098.2685702,images/image_2025-11-01_16-01-38-268_0448.jpg,-0.2285,0.0913,0.8916,-6.809,10.237,17.458,103138.00,N/A,N/A,N/A,N/A,N/A,N/A,V
2025-11-01_16-01-38-708,1761993098.708519,images/image_2025-11-01_16-01-38-708_0449.jpg,-0.2725,0.075,1.1057,-1.252,28.649,15.191,103138.00,N/A,N/A,N/A,N/A,N/A,N/A,V
2025-11-01_16-01-39-293,1761993099.2940583,images/image_2025-11-01_16-01-39-293_0450.jpg,0.0588,0.0662,0.907,-20.481,16.595,-26.939,103139.00,N/A,N/A,N/A,N/A,N/A,N/A,V
2025-11-01_16-01-39-814,1761993099.8141286,images/image_2025-11-01_16-01-39-814_0451.jpg,-0.1389,0.0789,0.8923,-5.908,6.137,-5.786,103139.00,N/A,N/A,N/A,N/A,N/A,N/A,V
2025-11-01_16-01-40-348,1761993100.3482955,images/image_2025-11-01_16-01-40-348_0452.jpg,0.021,0.0625,0.9885,7.374,1.809,15.702,103140.00,N/A,N/A,N/A,N/A,N/A,N/A,V
2025-11-01_16-01-40-790,1761993100.7906978,images/image_2025-11-01_16-01-40-790_0453.jpg,-0.0837,0.1145,1.1104,0.916,13.206,-2.664,103140.00,N/A,N/A,N/A,N/A,N/A,N/A,V
2025-11-01_16-01-41-272,1761993101.2722378,images/image_2025-11-01_16-01-41-272_0454.jpg,-0.1284,0.1731,1.071,13.672,8.183,0.84,103141.00,N/A,N/A,N/A,N/A,N/A,N/A,V
2025-11-01_16-01-41-741,1761993101.7411933,images/image_2025-11-01_16-01-41-741_0455.jpg,-0.0825,0.1707,0.6926,-41.901,-19.145,-25.504,103141.00,N/A,N/A,N/A,N/A,N/A,N/A,V
2025-11-01_16-01-42-201,1761993102.2013922,images/image_2025-11-01_16-01-42-201_0456.jpg,-0.0488,0.251,1.012,8.992,5.023,-6.435,103142.00,N/A,N/A,N/A,N/A,N/A,N/A,V
2025-11-01_16-01-42-644,1761993102.6447427,images/image_2025-11-01_16-01-42-644_0457.jpg,-0.1191,0.1455,0.7058,-6.13,-20.168,12.214,103142.00,N/A,N/A,N/A,N/A,N/A,N/A,V
2025-11-01_16-01-43-121,1761993103.1212335,images/image_2025-11-01_16-01-43-121_0458.jpg,-0.1248,0.0679,0.6533,-8.893,3.809,-13.863,103143.00,N/A,N/A,N/A,N/A,N/A,N/A,V
2025-11-01_16-01-43-566,1761993103.5668664,images/image_2025-11-01_16-01-43-566_0459.jpg,-0.061,0.1199,0.8071,-8.26,3.473,-9.824,103143.00,N/A,N/A,N/A,N/A,N/A,N/A,V
2025-11-01_16-01-44-037,1761993104.0381396,images/image_2025-11-01_16-01-44-037_0460.jpg,0.1257,0.1125,0.9902,-10.107,-6.267,14.794,103144.00,N/A,N/A,N/A,N/A,N/A,N/A,V
2025-11-01_16-01-44-578,1761993104.5782075,images/image_2025-11-01_16-01-44-578_0461.jpg,0.1555,0.1196,1.0007,2.183,-4.794,-5.855,103144.00,N/A,N/A,N/A,N/A,N/A,N/A,V
2025-11-01_16-01-45-128,1761993105.1283386,images/image_2025-11-01_16-01-45-128_0462.jpg,-0.0398,0.019,1.0132,0.534,-0.855,-7.359,103145.00,N/A,N/A,N/A,N/A,N/A,N/A,V
2025-11-01_16-01-45-576,1761993105.5764792,images/image_2025-11-01_16-01-45-576_0463.jpg,0.1067,0.1182,0.9209,-3.115,-14.924,-13.718,103145.00,N/A,N/A,N/A,N/A,N/A,N/A,V
2025-11-01_16-01-46-036,1761993106.0368125,images/image_2025-11-01_16-01-46-036_0464.jpg,0.1196,0.1406,1.0747,-14.397,-20.237,-14.382,103146.00,N/A,N/A,N/A,N/A,N/A,N/A,V
2025-11-01_16-01-46-462,1761993106.462866,images/image_2025-11-01_16-01-46-462_0465.jpg,0.1445,0.1008,1.1353,-19.023,17.901,-5.71,103146.00,N/A,N/A,N/A,N/A,N/A,N/A,V
2025-11-01_16-01-47-019,1761993107.0197022,images/image_2025-11-01_16-01-47-019_0466.jpg,0.0112,0.0576,0.9561,2.992,-16.565,-3.115,103147.00,N/A,N/A,N/A,N/A,N/A,N/A,V
2025-11-01_16-01-47-493,1761993107.4933252,images/image_2025-11-01_16-01-47-493_0467.jpg,0.0999,0.1191,0.9902,-2.74,-7.282,-1.489,103147.00,N/A,N/A,N/A,N/A,N/A,N/A,V
2025-11-01_16-01-47-982,1761993107.9827242,images/image_2025-11-01_16-01-47-982_0468.jpg,0.1604,0.1321,0.9971,-14.344,-5.824,-2.947,103147.00,N/A,N/A,N/A,N/A,N/A,N/A,V
2025-11-01_16-01-48-456,1761993108.4561353,images/image_2025-11-01_16-01-48-456_0469.jpg,0.1448,0.1355,1.0649,-4.557,11.511,7.939,103148.00,N/A,N/A,N/A,N/A,N/A,N/A,V
2025-11-01_16-01-48-928,1761993108.9282086,images/image_2025-11-01_16-01-48-928_0470.jpg,0.0508,0.0981,1.0046,-1.458,3.748,4.878,103148.00,N/A,N/A,N/A,N/A,N/A,N/A,V
2025-11-01_16-01-49-581,1761993109.5818257,images/image_2025-11-01_16-01-49-581_0471.jpg,0.043,0.0349,1.1123,-12.756,-13.992,5.985,103149.00,N/A,N/A,N/A,N/A,N/A,N/A,V
2025-11-01_16-01-50-076,1761993110.0765555,images/image_2025-11-01_16-01-50-076_0472.jpg,0.1318,0.0769,1.085,-15.489,-4.008,22.618,103150.00,N/A,N/A,N/A,N/A,N/A,N/A,V
2025-11-01_16-01-50-530,1761993110.5304756,images/image_2025-11-01_16-01-50-530_0473.jpg,-0.0874,0.0823,0.877,10.305,14.45,10.771,103150.00,N/A,N/A,N/A,N/A,N/A,N/A,V
2025-11-01_16-01-51-037,1761993111.0376706,images/image_2025-11-01_16-01-51-037_0474.jpg,0.1436,0.094,0.9314,-7.481,14.603,26.031,103151.00,N/A,N/A,N/A,N/A,N/A,N/A,V
2025-11-01_16-01-51-501,1761993111.5015552,images/image_2025-11-01_16-01-51-501_0475.jpg,0.1687,0.0874,0.937,5.359,-19.824,9.618,103151.00,N/A,N/A,N/A,N/A,N/A,N/A,V
2025-11-01_16-01-52-023,1761993112.0240219,images/image_2025-11-01_16-01-52-023_0476.jpg,0.2161,0.1331,1.134,-12.641,31.939,10.42,103152.00,N/A,N/A,N/A,N/A,N/A,N/A,V
2025-11-01_16-01-52-502,1761993112.5028028,images/image_2025-11-01_16-01-52-502_0477.jpg,0.0938,0.0718,0.8352,5.031,1.145,-2.931,103152.00,N/A,N/A,N/A,N/A,N/A,N/A,V
2025-11-01_16-01-52-968,1761993112.9688506,images/image_2025-11-01_16-01-52-968_0478.jpg,0.1719,0.002,1.0596,12.908,22.756,-5.786,103152.00,N/A,N/A,N/A,N/A,N/A,N/A,V
2025-11-01_16-01-53-434,1761993113.4347272,images/image_2025-11-01_16-01-53-434_0479.jpg,0.3101,0.1538,1.0349,-24.893,-29.672,-8.069,103153.00,N/A,N/A,N/A,N/A,N/A,N/A,V
2025-11-01_16-01-53-958,1761993113.9585857,images/image_2025-11-01_16-01-53-958_0480.jpg,0.084,0.0684,1.0093,14.275,-34.115,-17.351,103153.00,N/A,N/A,N/A,N/A,N/A,N/A,V
2025-11-01_16-01-54-389,1761993114.3899739,images/image_2025-11-01_16-01-54-389_0481.jpg,0.2043,0.2212,1.0188,-21.679,-45.053,-12.916,103154.00,N/A,N/A,N/A,N/A,N/A,N/A,V
2025-11-01_16-01-54-863,1761993114.8636506,images/image_2025-11-01_16-01-54-863_0482.jpg,0.084,0.1155,0.9409,-4.107,9.573,8.45,103154.00,N/A,N/A,N/A,N/A,N/A,N/A,V
2025-11-01_16-01-55-344,1761993115.3444939,images/image_2025-11-01_16-01-55-344_0483.jpg,0.2598,0.1956,0.8508,-8.863,-15.405,-12.771,103155.00,N/A,N/A,N/A,N/A,N/A,N/A,V
2025-11-01_16-01-55-818,1761993115.8184862,images/image_2025-11-01_16-01-55-818_0484.jpg,-0.1458,0.0679,1.1077,1.489,1.511,-3.176,103155.00,N/A,N/A,N/A,N/A,N/A,N/A,V
2025-11-01_16-01-56-373,1761993116.3734965,images/image_2025-11-01_16-01-56-373_0485.jpg,0.1035,0.1143,1.0059,-1.359,-6.908,0.061,103156.00,N/A,N/A,N/A,N/A,N/A,N/A,V
2025-11-01_16-01-56-885,1761993116.885101,images/image_2025-11-01_16-01-56-885_0486.jpg,-0.0132,0.0786,0.9998,-0.412,16.832,3.664,103156.00,N/A,N/A,N/A,N/A,N/A,N/A,V
2025-11-01_16-01-57-389,1761993117.389628,images/image_2025-11-01_16-01-57-389_0487.jpg,0.2876,0.0867,0.9143,-4.672,-36.725,-2.336,103157.00,N/A,N/A,N/A,N/A,N/A,N/A,V
2025-11-01_16-01-57-800,1761993117.8006053,images/image_2025-11-01_16-01-57-800_0488.jpg,0.1553,0.0613,0.97,-1.847,14.16,6.336,103157.00,N/A,N/A,N/A,N/A,N/A,N/A,V
2025-11-01_16-01-58-217,1761993118.2179177,images/image_2025-11-01_16-01-58-217_0489.jpg,0.1929,0.1018,1.0129,0.115,2.092,-12.252,103158.00,N/A,N/A,N/A,N/A,N/A,N/A,V
2025-11-01_16-01-58-752,1761993118.7529836,images/image_2025-11-01_16-01-58-752_0490.jpg,0.2458,0.1348,0.9189,-12.771,-34.107,-18.038,103158.00,N/A,N/A,N/A,N/A,N/A,N/A,V
2025-11-01_16-01-59-187,1761993119.1879258,images/image_2025-11-01_16-01-59-187_0491.jpg,0.2192,0.1577,1.0354,-8.153,6.16,-4.641,103159.00,N/A,N/A,N/A,N/A,N/A,N/A,V
2025-11-01_16-01-59-667,1761993119.6677303,images/image_2025-11-01_16-01-59-667_0492.jpg,0.2117,0.0884,1.0391,-18.191,-0.244,-11.198,103159.00,N/A,N/A,N/A,N/A,N/A,N/A,V
2025-11-01_16-02-00-133,1761993120.1331978,images/image_2025-11-01_16-02-00-133_0493.jpg,0.1926,0.1167,0.9231,-16.489,1.611,-6.229,103159.00,N/A,N/A,N/A,N/A,N/A,N/A,V
2025-11-01_16-02-00-575,1761993120.5754037,images/image_2025-11-01_16-02-00-575_0494.jpg,0.3359,0.0806,0.7561,-3.969,-25.916,5.672,103200.00,N/A,N/A,N/A,N/A,N/A,N/A,V
2025-11-01_16-02-01-039,1761993121.040045,images/image_2025-11-01_16-02-01-039_0495.jpg,0.2908,0.0623,0.9766,3.092,12.779,24.099,103201.00,N/A,N/A,N/A,N/A,N/A,N/A,V
2025-11-01_16-02-01-492,1761993121.4927926,images/image_2025-11-01_16-02-01-492_0496.jpg,0.3481,0.1143,0.811,-1.626,-20.908,14.313,103201.00,N/A,N/A,N/A,N/A,N/A,N/A,V
2025-11-01_16-02-01-974,1761993121.974579,images/image_2025-11-01_16-02-01-974_0497.jpg,0.2788,0.1213,0.853,-0.137,1.13,25.893,103201.00,N/A,N/A,N/A,N/A,N/A,N/A,V
2025-11-01_16-02-02-478,1761993122.4783247,images/image_2025-11-01_16-02-02-478_0498.jpg,0.1946,0.1628,1.0962,-10.939,-13.863,28.427,103202.00,N/A,N/A,N/A,N/A,N/A,N/A,V
2025-11-01_16-02-02-937,1761993122.9375095,images/image_2025-11-01_16-02-02-937_0499.jpg,0.2644,0.1448,1.1499,17.649,9.13,8.13,103202.00,N/A,N/A,N/A,N/A,N/A,N/A,V
2025-11-01_16-02-03-431,1761993123.431617,images/image_2025-11-01_16-02-03-431_0500.jpg,0.2661,0.1421,0.4482,10.084,4.908,0.26,103203.00,N/A,N/A,N/A,N/A,N/A,N/A,V
2025-11-01_16-02-03-874,1761993123.8742907,images/image_2025-11-01_16-02-03-874_0501.jpg,0.188,0.1475,0.9763,6.916,6.092,-3.595,103203.00,N/A,N/A,N/A,N/A,N/A,N/A,V
2025-11-01_16-02-04-458,1761993124.459052,images/image_2025-11-01_16-02-04-458_0502.jpg,0.1384,0.1062,1.147,-11.679,3.038,-3.565,103204.00,N/A,N/A,N/A,N/A,N/A,N/A,V
2025-11-01_16-02-04-969,1761993124.9691541,images/image_2025-11-01_16-02-04-969_0503.jpg,0.2107,0.1743,0.9446,-7.45,-3.855,-3.626,103204.00,N/A,N/A,N/A,N/A,N/A,N/A,V
2025-11-01_16-02-05-431,1761993125.4314497,images/image_2025-11-01_16-02-05-431_0504.jpg,0.2156,0.1653,1.1111,-7.947,10.481,0.237,103205.00,N/A,N/A,N/A,N/A,N/A,N/A,V
2025-11-01_16-02-05-880,1761993125.8804467,images/image_2025-11-01_16-02-05-880_0505.jpg,0.2754,0.0918,0.9868,-6.313,10.198,4.168,103205.00,N/A,N/A,N/A,N/A,N/A,N/A,V
2025-11-01_16-02-06-461,1761993126.461281,images/image_2025-11-01_16-02-06-461_0506.jpg,0.1318,0.2034,1.0491,4.954,3.947,-0.473,103206.00,N/A,N/A,N/A,N/A,N/A,N/A,V
2025-11-01_16-02-06-979,1761993126.9800358,images/image_2025-11-01_16-02-06-979_0507.jpg,0.2107,0.2234,1.105,0.855,7.153,4.443,103206.00,N/A,N/A,N/A,N/A,N/A,N/A,V
2025-11-01_16-02-07-461,1761993127.4615703,images/image_2025-11-01_16-02-07-461_0508.jpg,0.0662,0.179,0.9263,9.885,-6.053,1.611,103207.00,N/A,N/A,N/A,N/A,N/A,N/A,V
2025-11-01_16-02-08-022,1761993128.0230906,images/image_2025-11-01_16-02-08-022_0509.jpg,0.0085,0.1863,1.1946,-8.115,1.252,-10.229,103208.00,N/A,N/A,N/A,N/A,N/A,N/A,V
2025-11-01_16-02-08-792,1761993128.7924442,images/image_2025-11-01_16-02-08-792_0510.jpg,-0.0708,0.0981,0.6814,-21.992,-3.656,9.122,103208.00,N/A,N/A,N/A,N/A,N/A,N/A,V
2025-11-01_16-02-09-275,1761993129.2754202,images/image_2025-11-01_16-02-09-275_0511.jpg,-0.043,-0.0161,0.8701,-0.053,7.756,23.359,103209.00,N/A,N/A,N/A,N/A,N/A,N/A,V
2025-11-01_16-02-09-746,1761993129.7463474,images/image_2025-11-01_16-02-09-746_0512.jpg,0.2151,0.103,1.9999,27.817,-14.412,-10.611,103209.00,N/A,N/A,N/A,N/A,N/A,N/A,V
2025-11-01_16-02-10-210,1761993130.2105913,images/image_2025-11-01_16-02-10-210_0513.jpg,0.7319,0.3865,1.3337,-21.679,-45.489,-30.916,103210.00,N/A,N/A,N/A,N/A,N/A,N/A,V
2025-11-01_16-02-10-700,1761993130.70026,images/image_2025-11-01_16-02-10-700_0514.jpg,0.3965,0.1372,1.4844,1.824,-136.168,-0.496,103210.00,N/A,N/A,N/A,N/A,N/A,N/A,V
2025-11-01_16-02-11-231,1761993131.2320929,images/image_2025-11-01_16-02-11-231_0515.jpg,0.0825,0.0679,1.5232,17.687,-23.718,4.221,103211.00,N/A,N/A,N/A,N/A,N/A,N/A,V
2025-11-01_16-02-11-659,1761993131.6595051,images/image_2025-11-01_16-02-11-659_0516.jpg,0.2686,0.1506,0.6797,-2.656,-0.168,22.458,103211.00,N/A,N/A,N/A,N/A,N/A,N/A,V
2025-11-01_16-02-12-168,1761993132.1686788,images/image_2025-11-01_16-02-12-168_0517.jpg,0.1372,0.043,0.873,8.435,15.458,7.412,103212.00,N/A,N/A,N/A,N/A,N/A,N/A,V
2025-11-01_16-02-12-624,1761993132.6245222,images/image_2025-11-01_16-02-12-624_0518.jpg,0.217,0.082,1.1084,18.824,22.176,10.618,103212.00,N/A,N/A,N/A,N/A,N/A,N/A,V
2025-11-01_16-02-13-127,1761993133.1273317,images/image_2025-11-01_16-02-13-127_0519.jpg,0.2078,0.1028,0.8984,20.71,-5.069,-5.16,103213.00,N/A,N/A,N/A,N/A,N/A,N/A,V
2025-11-01_16-02-13-671,1761993133.6715536,images/image_2025-11-01_16-02-13-671_0520.jpg,0.1909,0.1299,0.9775,-9.351,10.519,-16.374,103213.00,N/A,N/A,N/A,N/A,N/A,N/A,V
2025-11-01_16-02-14-163,1761993134.1632137,images/image_2025-11-01_16-02-14-163_0521.jpg,0.2607,0.146,0.7205,-14.198,-26.863,3.679,103214.00,N/A,N/A,N/A,N/A,N/A,N/A,V
2025-11-01_16-02-14-626,1761993134.6261716,images/image_2025-11-01_16-02-14-626_0522.jpg,0.3877,0.2351,1.0159,10.107,42.771,-11.962,103214.00,N/A,N/A,N/A,N/A,N/A,N/A,V
2025-11-01_16-02-15-136,1761993135.136737,images/image_2025-11-01_16-02-15-136_0523.jpg,0.0598,0.1611,0.8943,0.053,-30.351,0.504,103215.00,N/A,N/A,N/A,N/A,N/A,N/A,V
2025-11-01_16-02-15-645,1761993135.6453152,images/image_2025-11-01_16-02-15-645_0524.jpg,0.1736,0.0964,0.8628,-9.809,11.214,-4.206,103215.00,N/A,N/A,N/A,N/A,N/A,N/A,V
2025-11-01_16-02-16-116,1761993136.1167662,images/image_2025-11-01_16-02-16-116_0525.jpg,-0.0203,0.1399,1.3093,-24.298,3.489,6.626,103216.00,N/A,N/A,N/A,N/A,N/A,N/A,V
2025-11-01_16-02-16-574,1761993136.5746677,images/image_2025-11-01_16-02-16-574_0526.jpg,0.0405,0.105,1.0042,-35.901,19.595,-8.55,103216.00,N/A,N/A,N/A,N/A,N/A,N/A,V
2025-11-01_16-02-17-288,1761993137.288456,images/image_2025-11-01_16-02-17-288_0527.jpg,0.1638,0.1665,0.9492,-22.84,16.305,5.008,103217.00,N/A,N/A,N/A,N/A,N/A,N/A,V
2025-11-01_16-02-18-053,1761993138.0536048,images/image_2025-11-01_16-02-18-053_0528.jpg,0.0811,0.1367,0.99,6.053,29.244,-7.069,103217.00,N/A,N/A,N/A,N/A,N/A,N/A,V
2025-11-01_16-02-18-795,1761993138.79567,images/image_2025-11-01_16-02-18-795_0529.jpg,-0.0159,0.1006,1.0017,3.916,7.221,2.962,103218.00,N/A,N/A,N/A,N/A,N/A,N/A,V
2025-11-01_16-02-19-437,1761993139.4374175,images/image_2025-11-01_16-02-19-437_0530.jpg,0.165,0.1577,1.0811,-16.649,19.069,-2.053,103219.00,N/A,N/A,N/A,N/A,N/A,N/A,V
2025-11-01_16-02-19-955,1761993139.9559617,images/image_2025-11-01_16-02-19-955_0531.jpg,-0.0684,0.0925,0.968,15.573,-1.893,2.695,103219.00,N/A,N/A,N/A,N/A,N/A,N/A,V
2025-11-01_16-02-20-403,1761993140.4032876,images/image_2025-11-01_16-02-20-403_0532.jpg,0.1416,0.1528,1.1582,-17.443,-7.771,-6.458,103220.00,N/A,N/A,N/A,N/A,N/A,N/A,V
2025-11-01_16-02-20-893,1761993140.8933036,images/image_2025-11-01_16-02-20-893_0533.jpg,0.1519,0.1355,0.9573,-6.786,-4.992,0.023,103220.00,N/A,N/A,N/A,N/A,N/A,N/A,V
2025-11-01_16-02-21-348,1761993141.3487158,images/image_2025-11-01_16-02-21-348_0534.jpg,0.0593,0.0291,1.0352,-3.305,-4.382,6.237,103221.00,N/A,N/A,N/A,N/A,N/A,N/A,V
2025-11-01_16-02-21-827,1761993141.8276958,images/image_2025-11-01_16-02-21-827_0535.jpg,0.0063,0.0564,1.1208,-1.168,7.275,7.13,103221.00,N/A,N/A,N/A,N/A,N/A,N/A,V
2025-11-01_16-02-22-330,1761993142.331084,images/image_2025-11-01_16-02-22-330_0536.jpg,0.1885,0.0496,0.8501,2.977,-4.344,11.611,103222.00,N/A,N/A,N/A,N/A,N/A,N/A,V
2025-11-01_16-02-22-886,1761993142.8864493,images/image_2025-11-01_16-02-22-886_0537.jpg,0.2749,-0.0112,0.8521,12.565,32.008,-2.298,103222.00,N/A,N/A,N/A,N/A,N/A,N/A,V
2025-11-01_16-02-23-374,1761993143.3742378,images/image_2025-11-01_16-02-23-374_0538.jpg,0.1372,0.103,0.7568,21.695,-14.954,22.435,103223.00,N/A,N/A,N/A,N/A,N/A,N/A,V
2025-11-01_16-02-23-914,1761993143.9145308,images/image_2025-11-01_16-02-23-914_0539.jpg,-0.0493,0.1479,1.0391,-1.237,-5.733,14.733,103223.00,N/A,N/A,N/A,N/A,N/A,N/A,V
2025-11-01_16-02-24-394,1761993144.3949962,images/image_2025-11-01_16-02-24-394_0540.jpg,-0.0366,0.1687,1.0962,-1.847,0.863,-7.412,103224.00,N/A,N/A,N/A,N/A,N/A,N/A,V
2025-11-01_16-02-24-884,1761993144.884893,images/image_2025-11-01_16-02-24-884_0541.jpg,0.0193,0.1355,0.9141,0.962,0.328,5.534,103224.00,N/A,N/A,N/A,N/A,N/A,N/A,V
2025-11-01_16-02-25-592,1761993145.592968,images/image_2025-11-01_16-02-25-592_0542.jpg,-0.0278,0.1802,1.0432,9.992,-10.351,1.008,103225.00,N/A,N/A,N/A,N/A,N/A,N/A,V
2025-11-01_16-02-26-076,1761993146.0769737,images/image_2025-11-01_16-02-26-076_0543.jpg,-0.0334,0.1121,1.0139,-6.588,8.076,6.611,103226.00,N/A,N/A,N/A,N/A,N/A,N/A,V
2025-11-01_16-02-26-557,1761993146.5574162,images/image_2025-11-01_16-02-26-557_0544.jpg,-0.0469,0.1174,1.1975,-6.656,1.87,8.015,103226.00,N/A,N/A,N/A,N/A,N/A,N/A,V
2025-11-01_16-02-27-088,1761993147.0888271,images/image_2025-11-01_16-02-27-088_0545.jpg,0.0027,0.1084,0.9412,6.229,-4.45,12.466,103227.00,N/A,N/A,N/A,N/A,N/A,N/A,V
2025-11-01_16-02-27-560,1761993147.5608747,images/image_2025-11-01_16-02-27-560_0546.jpg,0.0759,0.1309,1.0142,9.725,-17.466,-5.168,103227.00,N/A,N/A,N/A,N/A,N/A,N/A,V
2025-11-01_16-02-27-999,1761993147.9993956,images/image_2025-11-01_16-02-27-999_0547.jpg,0.2471,0.1958,0.9658,13.641,22.298,-20.786,103227.00,N/A,N/A,N/A,N/A,N/A,N/A,V
2025-11-01_16-02-28-417,1761993148.4177125,images/image_2025-11-01_16-02-28-417_0548.jpg,0.0342,0.095,1.2195,-5.84,26.908,-10.641,103228.00,N/A,N/A,N/A,N/A,N/A,N/A,V
2025-11-01_16-02-28-853,1761993148.8536868,images/image_2025-11-01_16-02-28-853_0549.jpg,0.1577,0.1638,0.9829,-7.252,23.427,11.221,103228.00,N/A,N/A,N/A,N/A,N/A,N/A,V
2025-11-01_16-02-29-297,1761993149.2981322,images/image_2025-11-01_16-02-29-297_0550.jpg,0.009,0.0884,1.1294,-3.809,13.328,1.626,103229.00,N/A,N/A,N/A,N/A,N/A,N/A,V
2025-11-01_16-02-29-775,1761993149.7754498,images/image_2025-11-01_16-02-29-775_0551.jpg,0.0562,0.0986,0.8435,3.092,-41.756,14.183,103229.00,N/A,N/A,N/A,N/A,N/A,N/A,V
2025-11-01_16-02-30-338,1761993150.338599,images/image_2025-11-01_16-02-30-338_0552.jpg,-0.0251,0.1094,0.9736,5.015,7.664,0.588,103230.00,N/A,N/A,N/A,N/A,N/A,N/A,V
2025-11-01_16-02-30-814,1761993150.8150473,images/image_2025-11-01_16-02-30-814_0553.jpg,0.022,0.0771,1.0779,1.122,15.031,6.122,103230.00,N/A,N/A,N/A,N/A,N/A,N/A,V
2025-11-01_16-02-31-325,1761993151.3253798,images/image_2025-11-01_16-02-31-325_0554.jpg,0.0491,0.0881,0.7969,12.115,-13.069,23.84,103231.00,N/A,N/A,N/A,N/A,N/A,N/A,V
2025-11-01_16-02-31-808,1761993151.8085754,images/image_2025-11-01_16-02-31-808_0555.jpg,0.031,0.0471,0.9375,5.939,-9.252,20.229,103231.00,N/A,N/A,N/A,N/A,N/A,N/A,V
2025-11-01_16-02-32-310,1761993152.3103437,images/image_2025-11-01_16-02-32-310_0556.jpg,-0.0054,0.0942,1.259,-21.137,8.855,-7.969,103232.00,N/A,N/A,N/A,N/A,N/A,N/A,V
2025-11-01_16-02-32-722,1761993152.7226343,images/image_2025-11-01_16-02-32-722_0557.jpg,0.1619,0.0366,1.0852,1.786,33.794,17.023,103232.00,N/A,N/A,N/A,N/A,N/A,N/A,V
2025-11-01_16-02-33-120,1761993153.1209266,images/image_2025-11-01_16-02-33-120_0558.jpg,-0.6133,-0.0728,0.8457,-2.794,5.725,-0.87,103233.00,N/A,N/A,N/A,N/A,N/A,N/A,V
2025-11-01_16-02-33-647,1761993153.6472356,images/image_2025-11-01_16-02-33-647_0559.jpg,-0.1416,-0.1221,0.8987,-11.405,-6.237,37.55,103233.00,N/A,N/A,N/A,N/A,N/A,N/A,V
2025-11-01_16-02-34-240,1761993154.2401428,images/image_2025-11-01_16-02-34-240_0560.jpg,-0.0195,0.0327,1.0178,9.412,4.145,16.908,103234.00,N/A,N/A,N/A,N/A,N/A,N/A,V
2025-11-01_16-02-34-643,1761993154.643195,images/image_2025-11-01_16-02-34-643_0561.jpg,0.2078,0.0698,1.0754,-6.405,-9.916,13.427,103234.00,N/A,N/A,N/A,N/A,N/A,N/A,V
2025-11-01_16-02-35-132,1761993155.1322107,images/image_2025-11-01_16-02-35-132_0562.jpg,0.2764,0.1016,1.2217,-35.611,15.351,-4.206,103235.00,N/A,N/A,N/A,N/A,N/A,N/A,V
2025-11-01_16-02-35-604,1761993155.6043005,images/image_2025-11-01_16-02-35-604_0563.jpg,0.0562,0.0525,0.9438,7.817,-10.16,29.198,103235.00,N/A,N/A,N/A,N/A,N/A,N/A,V
2025-11-01_16-02-36-152,1761993156.1525686,images/image_2025-11-01_16-02-36-152_0564.jpg,0.5398,0.1716,1.3179,-4.389,-18.748,-11.061,103236.00,N/A,N/A,N/A,N/A,N/A,N/A,V
2025-11-01_16-02-36-829,1761993156.8300338,images/image_2025-11-01_16-02-36-829_0565.jpg,-0.0022,0.0586,0.7961,12.794,-14.863,-9.603,103236.00,N/A,N/A,N/A,N/A,N/A,N/A,V
2025-11-01_16-02-37-356,1761993157.3566961,images/image_2025-11-01_16-02-37-356_0566.jpg,-0.032,0.0535,0.7407,-8.031,-2.0,-11.756,103237.00,N/A,N/A,N/A,N/A,N/A,N/A,V
2025-11-01_16-02-37-806,1761993157.807018,images/image_2025-11-01_16-02-37-806_0567.jpg,-0.062,0.0679,1.394,-7.336,8.267,2.924,103237.00,N/A,N/A,N/A,N/A,N/A,N/A,V
2025-11-01_16-02-38-313,1761993158.3136933,images/image_2025-11-01_16-02-38-313_0568.jpg,-0.041,0.115,1.1548,-1.305,2.962,-6.519,103238.00,N/A,N/A,N/A,N/A,N/A,N/A,V
2025-11-01_16-02-38-803,1761993158.8031588,images/image_2025-11-01_16-02-38-803_0569.jpg,0.1216,0.1487,0.9702,-3.252,-0.29,-19.565,103238.00,N/A,N/A,N/A,N/A,N/A,N/A,V
2025-11-01_16-02-39-240,1761993159.2406976,images/image_2025-11-01_16-02-39-240_0570.jpg,0.0669,0.0674,0.842,-11.511,-12.695,-2.313,103239.00,N/A,N/A,N/A,N/A,N/A,N/A,V
2025-11-01_16-02-39-762,1761993159.7629616,images/image_2025-11-01_16-02-39-762_0571.jpg,-0.0212,0.0127,0.8679,8.053,-3.679,-10.023,103239.00,N/A,N/A,N/A,N/A,N/A,N/A,V
2025-11-01_16-02-40-290,1761993160.2909498,images/image_2025-11-01_16-02-40-290_0572.jpg,0.0737,0.1101,0.9146,-8.351,-15.504,-24.817,103240.00,N/A,N/A,N/A,N/A,N/A,N/A,V
2025-11-01_16-02-40-721,1761993160.7213752,images/image_2025-11-01_16-02-40-721_0573.jpg,0.0549,0.1826,1.072,-2.198,-15.275,-32.443,103240.00,N/A,N/A,N/A,N/A,N/A,N/A,V
2025-11-01_16-02-41-175,1761993161.1752841,images/image_2025-11-01_16-02-41-175_0574.jpg,0.0322,0.1001,1.0686,-12.763,-16.985,-29.382,103241.00,N/A,N/A,N/A,N/A,N/A,N/A,V
2025-11-01_16-02-41-662,1761993161.6623838,images/image_2025-11-01_16-02-41-662_0575.jpg,0.0754,-0.0337,0.8066,25.115,-54.405,-22.298,103241.00,N/A,N/A,N/A,N/A,N/A,N/A,V
2025-11-01_16-02-42-161,1761993162.161118,images/image_2025-11-01_16-02-42-161_0576.jpg,0.3743,0.0852,0.7336,-32.595,53.611,17.55,103241.00,N/A,N/A,N/A,N/A,N/A,N/A,V
2025-11-01_16-02-42-849,1761993162.8495417,images/image_2025-11-01_16-02-42-849_0577.jpg,0.2625,0.1177,1.1475,-9.038,1.13,-1.832,103242.00,N/A,N/A,N/A,N/A,N/A,N/A,V
2025-11-01_16-02-43-432,1761993163.432126,images/image_2025-11-01_16-02-43-432_0578.jpg,0.0486,0.1223,0.9971,-5.786,1.0,-5.313,103243.00,N/A,N/A,N/A,N/A,N/A,N/A,V
2025-11-01_16-02-43-938,1761993163.9383225,images/image_2025-11-01_16-02-43-938_0579.jpg,0.1272,-0.1089,1.1245,-28.366,15.603,-21.702,103243.00,N/A,N/A,N/A,N/A,N/A,N/A,V
2025-11-01_16-02-44-658,1761993164.6589115,images/image_2025-11-01_16-02-44-658_0580.jpg,0.1086,0.0205,1.0547,6.916,24.618,-9.687,103244.00,N/A,N/A,N/A,N/A,N/A,N/A,V
2025-11-01_16-02-45-558,1761993165.5581315,images/image_2025-11-01_16-02-45-558_0581.jpg,-0.0464,-0.0435,0.876,1.595,-4.29,2.481,103245.00,N/A,N/A,N/A,N/A,N/A,N/A,V
2025-11-01_16-02-46-571,1761993166.5719807,images/image_2025-11-01_16-02-46-571_0582.jpg,-0.3184,0.1785,0.9961,5.458,11.649,13.916,103246.00,N/A,N/A,N/A,N/A,N/A,N/A,V
2025-11-01_16-02-47-253,1761993167.2541378,images/image_2025-11-01_16-02-47-253_0583.jpg,-0.0547,0.0393,1.0798,-1.405,9.046,9.229,103247.00,N/A,N/A,N/A,N/A,N/A,N/A,V
2025-11-01_16-02-48-239,1761993168.239549,images/image_2025-11-01_16-02-48-239_0584.jpg,0.0835,0.1746,0.8811,5.305,-3.901,8.931,103248.00,N/A,N/A,N/A,N/A,N/A,N/A,V
2025-11-01_16-02-48-965,1761993168.966073,images/image_2025-11-01_16-02-48-965_0585.jpg,-0.0081,0.052,1.0369,-13.809,9.008,2.191,103248.00,N/A,N/A,N/A,N/A,N/A,N/A,V
2025-11-01_16-02-49-600,1761993169.6005995,images/image_2025-11-01_16-02-49-600_0586.jpg,-0.0513,0.0962,0.9961,-4.885,0.588,0.282,103249.00,N/A,N/A,N/A,N/A,N/A,N/A,V
2025-11-01_16-02-50-709,1761993170.7091491,images/image_2025-11-01_16-02-50-709_0587.jpg,-0.0549,0.1248,0.9863,-4.191,4.763,5.702,103250.00,N/A,N/A,N/A,N/A,N/A,N/A,V
                                                                                                                                                                                                                                                                                                                                                                                                                                                                                                                          